ISIN,Settlement Date,Price,Accrued Interest,Yield,MDuration
US9128275Z13,23.01.2010,100.359398,2.84375,0.726,0.063
US912828DL16,23.01.2010,100.1875,1.53125,0.492,0.063
US912828DP20,23.01.2010,100.531197,1.436464,0.225,0.139
US912828DR85,23.01.2010,100.875,1.098901,0.114,0.224
US912828DU15,23.01.2010,101.140602,0.738605,0.185,0.306
US912828GG93,23.01.2010,100.265602,2.078125,0.489,0.063
US912828GR58,23.01.2010,101.343803,0.857735,0.153,0.306
US912828HP83,23.01.2010,100.031197,1.016304,0.683,0.022
US912828HS23,23.01.2010,100.171898,0.801105,0.269,0.098
US912828HU78,23.01.2010,100.3125,0.552885,0.052,0.183
US912828HX18,23.01.2010,100.546898,0.493094,0.083,0.265
US912828JA96,23.01.2010,100.875,0.389423,0.135,0.35
US9128276J61,23.01.2010,103.109398,2.515625,0.216,0.544
US912828DX53,23.01.2010,101.359398,0.388393,0.162,0.391
US912828DZ02,23.01.2010,101.765602,0.085635,0.177,0.473
US912828ED80,23.01.2010,102.195297,1.804688,0.218,0.548
US912828EG12,23.01.2010,102.335899,1.391575,0.225,0.633
US912828EJ50,23.01.2010,102.898399,1.167582,0.247,0.715
US912828EM89,23.01.2010,103.414101,0.857735,0.274,0.799
US912828JC52,23.01.2010,101.171898,0.182666,0.187,0.432
US912828JF83,23.01.2010,101.328102,1.315217,0.202,0.51
US912828JJ06,23.01.2010,101.296898,0.951312,0.209,0.596
US912828JL51,23.01.2010,101.222702,0.631868,0.21,0.679
US912828JP65,23.01.2010,100.945297,0.348066,0.267,0.765
US912828EQ93,23.01.2010,103.625,0.46875,0.306,0.881
US912828JS05,23.01.2010,100.828102,0.18544,0.276,0.847
DE0001135085,13.06.2009,104.559998,4.476712,4.391,12.029
DE0001135143,13.06.2009,123.477997,2.739726,4.477,12.163
DE0001135150,13.06.2009,104.255997,4.947945,1.175,0.998
DE0001135168,13.06.2009,105.820999,2.30137,1.447,1.492
DE0001135176,13.06.2009,113.929001,2.410959,4.477,12.841
DE0001135184,13.06.2009,106.450996,4.712329,1.778,1.89
DE0001135192,13.06.2009,107.444,2.191781,1.986,2.38
DE0001135200,13.06.2009,108.093002,4.712329,2.231,2.735
DE0001135218,13.06.2009,106.955002,1.972603,2.434,3.242
DE0001135226,13.06.2009,104.241997,4.476712,4.465,14.111
DE0001135234,13.06.2009,104.267998,3.534247,2.627,3.624
DE0001135242,13.06.2009,106.181,1.863014,2.785,4.071
DE0001135259,13.06.2009,106.334999,4.005479,2.885,4.376
DE0001135267,13.06.2009,103.630997,1.643836,3.028,4.908
DE0001135275,13.06.2009,93.913002,1.753425,4.383,15.835
DE0001135283,13.06.2009,100.632004,3.063014,3.133,5.268
DE0001135291,13.06.2009,101.531998,1.534247,3.235,5.712
DE0001135309,13.06.2009,104.058998,3.769863,3.344,5.888
DE0001135317,13.06.2009,102.109001,1.643836,3.426,6.412
DE0001135325,13.06.2009,98.536003,4.005479,4.338,16.04
DE0001135333,13.06.2009,105.278,4.005479,3.487,6.537
DE0001135341,13.06.2009,103.374001,1.753425,3.534,7.07
DE0001135358,13.06.2009,105.382004,4.4119,3.544,7.181
DE0001135366,13.06.2009,106.949997,4.476712,4.338,15.917
DE0001135374,13.06.2009,101.386002,2.166377,3.573,7.78
DE0001135382,13.06.2009,98.964996,0.210959,3.623,8.325
DE0001134922,13.06.2009,122,2.739726,4.197,9.807
DE0001135044,13.06.2009,125.466003,6.126028,4.422,10.87
DE0001135069,13.06.2009,114.924004,2.465753,4.427,11.681
DE0001134468,13.06.2009,115.620003,5.884932,3.456,5.535
AU0000XCLWG7,13.06.2009,103.412003,-0.032,3.964,1.887
AU0000XCLWH5,13.06.2009,105.880997,0.512,4.834,3.438
AU0000XCLWI3,13.06.2009,104.788002,1.008,5.284,4.831
AU300TB01208,13.06.2009,103.561996,1.956,5.425,6.012
AU300TB01216,13.06.2009,102.099998,1.711,3.406,1.118
AU300TB01224,13.06.2009,97.717003,1.284,5.555,7.426
AU3TB0000010,13.06.2009,103.401001,0.927,4.459,2.583
AU0000XCLWM5,13.06.2009,100.552002,0.453,5.685,8.519
AU3TB0000028,13.06.2009,104.847,-0.034,5.139,4.283
AU3TB0000036,13.06.2009,90.387001,0.725,5.7,8.26
BE0000295049,13.06.2009,105.431,4.064384,1.472,1.223
BE0000296054,13.06.2009,106.675102,3.534247,1.989,2.117
BE0000298076,13.06.2009,107.584,3.534247,2.565,2.954
BE0000300096,13.06.2009,110.375,3.887671,4.002,6.467
BE0000301102,13.06.2009,104.809998,3.00411,3.035,3.798
BE0000303124,13.06.2009,104.075996,3.00411,3.393,4.574
BE0000304130,13.06.2009,103.665001,1.054795,4.749,14.4
BE0000306150,13.06.2009,100.415001,2.650685,3.672,5.383
BE0000307166,13.06.2009,96.135002,2.29726,3.866,6.204
BE0000308172,13.06.2009,95.920998,0.843836,4.423,9.681
BE0000309188,13.06.2009,100.296997,0.843836,3.953,6.535
BE0000310194,13.06.2009,104.126999,0.843836,2.833,3.471
BE0000312216,13.06.2009,99.598999,0.843836,4.053,7.226
BE0000313222,13.06.2009,103.029999,0.738356,1.762,1.725
BE0000314238,13.06.2009,103.105003,0.843836,3.286,4.285
BE0000315243,13.06.2009,98.453003,0.843836,4.194,7.879
BE0000316258,13.06.2009,99.400002,0.776712,3.615,5.116
BE0000262684,13.06.2009,117.325996,3.747945,2.774,3.063
BE0000282880,13.06.2009,122.546997,1.687671,3.61,4.722
BE0000291972,13.06.2009,110.468002,1.160274,4.651,11.837
DE0001137222,13.06.2009,103.580002,0.026027,1.11,0.984
DE0001137230,13.06.2009,103.333,3.024657,1.278,1.191
DE0001137248,13.06.2009,101.265999,1.140411,1.385,1.451
DE0001137255,13.06.2009,99.513,0.321918,1.534,1.704
FR0107674006,13.06.2009,101.426003,2.30137,1.162,1.043
FR0108354806,13.06.2009,102.373001,1.249315,1.47,1.532
FR0108847049,13.06.2009,103.422997,3.221918,1.807,1.947
FR0109970386,13.06.2009,104.239998,1.561644,2.045,2.43
FR0110979186,13.06.2009,106.461998,4.142466,2.301,2.776
FR0113087466,13.06.2009,103.950996,1.561644,2.578,3.292
FR0113872776,13.06.2009,103.019699,2.815068,1.294,1.198
FR0114683842,13.06.2009,106.538696,4.142466,2.781,3.585
FR0116114978,13.06.2009,98.080002,1.041096,2.952,4.218
FR0116843519,13.06.2009,99.160004,1.126027,1.884,2.164
IT0001278511,13.06.2009,99.528,0.61345,5.357,12.014
IT0001444378,13.06.2009,107.297997,0.70109,5.498,12.054
IT0001448619,13.06.2009,105.448997,0.64266,1.509,1.325
IT0003080402,13.06.2009,106.401001,1.91436,2.177,1.973
IT0003190912,13.06.2009,106.163002,1.8232,2.582,2.403
IT0003242747,13.06.2009,107.336998,1.91436,4.22,6.396
IT0003256820,13.06.2009,104.064003,2.09669,5.515,12.467
IT0003357982,13.06.2009,105.569,1.73204,3.141,3.235
IT0003472336,13.06.2009,103.596001,1.54972,3.339,3.664
IT0003493258,13.06.2009,98.68,1.54972,4.468,7.534
IT0003535157,13.06.2009,95.700996,1.8232,5.382,13.35
IT0003618383,13.06.2009,102.953003,1.54972,3.646,4.446
IT0003644769,13.06.2009,98.788002,1.64088,4.697,8.04
IT0003719918,13.06.2009,102.583,1.54972,3.77,4.825
IT0003844534,13.06.2009,99.735001,1.3674,3.831,5.266
IT0003872923,13.06.2009,101.539001,1.35989,1.205,0.98
IT0003934657,13.06.2009,81.605003,1.45856,5.34,14.688
IT0004009673,13.06.2009,90.390999,1.3674,4.86,9.132
IT0004019581,13.06.2009,99.018997,1.3674,3.946,6
IT0004026297,13.06.2009,102.757004,0.85598,1.904,1.673
IT0004112816,13.06.2009,103.287003,0.91712,2.259,2.119
IT0004164775,13.06.2009,99.607002,1.45856,4.101,6.299
IT0004220627,13.06.2009,103.720001,0.64481,2.645,2.632
IT0004254352,13.06.2009,103.556,1.64088,1.334,1.092
IT0004273493,13.06.2009,101.524002,1.64088,4.332,6.852
IT0004284334,13.06.2009,104.057999,0.68511,2.985,3.042
IT0004286966,13.06.2009,93.501999,1.8232,5.514,14.313
IT0004332521,13.06.2009,103.110001,1.3674,1.818,1.554
IT0004356843,13.06.2009,97.375,1.73204,5.073,9.724
IT0004361041,13.06.2009,100.712997,1.64088,4.452,7.158
IT0004365554,13.06.2009,103.606003,0.68511,3.268,3.453
IT0004404973,13.06.2009,104.071899,1.20109,2.367,2.069
IT0004423957,13.06.2009,99.889999,1.27174,4.564,7.534
IT0004448863,13.06.2009,100.768799,1.8544,3.593,3.973
IT0004467483,13.06.2009,100.889,0.84783,2.675,2.541
IT0004489610,13.06.2009,96.990997,1.20109,4.674,7.892
IT0000366655,13.06.2009,140.110001,1.05163,5.103,8.793
IT0001086567,13.06.2009,122.253998,0.84715,5.346,10.25
IT0001174611,13.06.2009,113.115997,0.75951,5.439,10.79
CA135087RS50,13.06.2009,108.517899,0.312329,0.651,0.942
CA135087UT96,13.06.2009,144.270706,0.263014,3.868,9.401
CA135087VH40,13.06.2009,158.065704,0.29589,4.032,10.039
CA135087VW17,13.06.2009,150.009995,0.263014,4.054,11.097
CA135087WL43,13.06.2009,122.9972,0.189041,4.058,12.667
CA135087WX80,13.06.2009,104.698196,0.180822,0.62,0.951
CA135087XB51,13.06.2009,108.840401,0.19726,1.426,1.872
CA135087XG49,13.06.2009,125.632004,0.189041,4.066,14.162
CA135087XH22,13.06.2009,109.245003,0.172603,2.024,2.763
CA135087XM17,13.06.2009,110.447601,0.172603,2.469,3.602
CA135087XS86,13.06.2009,110.494003,0.164384,2.726,4.423
CA135087XW98,13.06.2009,117.400002,0.164384,3.965,16
CA135087XX71,13.06.2009,108.596497,0.147945,2.92,5.248
CA135087XY54,13.06.2009,103.9617,1.139726,0.725,1.185
CA135087YB43,13.06.2009,105.771301,0.131507,3.073,6.076
CA135087YC26,13.06.2009,104.6791,1.068493,1.593,2.113
CA135087YF56,13.06.2009,105.313004,0.131507,3.238,6.815
CA135087YG30,13.06.2009,104.942703,0.123288,2.025,2.808
CA135087YL25,13.06.2009,106.673401,0.139726,3.381,7.468
CA135087YM08,13.06.2009,103.0271,0.123288,0.606,0.955
CA135087YN80,13.06.2009,103.889297,0.115068,2.465,3.694
CA135087YP39,13.06.2009,102.659897,0.090411,0.921,1.441
CA135087YQ12,13.06.2009,100.096603,0.131507,3.995,17.936
CA135087YR94,13.06.2009,101.949997,0.123288,3.516,8.27
CA135087YS77,13.06.2009,101.279999,0.09863,2.723,4.588
CA135087YT50,13.06.2009,99.709999,0.041096,1.4,1.935
CA135087YU24,13.06.2009,95.746902,0.065753,2.845,5.123
CA135087YW89,13.06.2009,98.723198,0.09863,1.588,2.179
CZ0001000749,13.06.2009,112.885803,2.644861,4.638,5.235
CZ0001000764,13.06.2009,107.033302,4.512222,3.327,2.07
CZ0001000814,13.06.2009,98.0466,-0.030833,4.24,3.643
CZ0001000822,13.06.2009,94.848701,3.769444,5.321,6.986
CZ0001001143,13.06.2009,96.3153,0.654444,4.531,5.063
CZ0001001242,13.06.2009,99.653297,1.664583,2.81,1.286
CZ0001001317,13.06.2009,82.8741,2.822917,5.871,8.374
CZ0001001796,13.06.2009,75.900002,2.205,6.011,13.906
CZ0001001887,13.06.2009,98.108498,2.317361,4.162,3.018
CZ0001001903,13.06.2009,92.6632,0.688889,5.161,6.45
CZ0001001945,13.06.2009,88,3.538056,6.039,9.001
CZ0001002158,13.06.2009,101.590897,0.706111,3.185,1.734
CZ0001002471,13.06.2009,93.739799,1.111111,5.851,7.412
DK0009919961,13.06.2009,108.5569,3.452055,2.323,2.215
DK0009920894,13.06.2009,107.435997,2.876712,3.168,3.868
DK0009921439,13.06.2009,101.873299,2.30137,3.664,5.475
DK0009921785,13.06.2009,102.788399,2.30137,1.989,1.36
DK0009921942,13.06.2009,100.768997,2.30137,3.889,6.895
DK0009922320,13.06.2009,100.635101,2.589041,4.46,16.044
DK0009922403,13.06.2009,99.480904,2.30137,4.06,8.197
DK0009918138,13.06.2009,128.806396,4.123288,4.386,9.838
FR0000187023,13.06.2009,105.508003,3.480822,1.398,1.299
FR0000187361,13.06.2009,109.207001,3.164384,3.554,6.005
FR0000187635,13.06.2009,116.741997,3.639041,4.568,13.145
FR0000187874,13.06.2009,106.948997,3.164384,1.962,2.19
FR0000188328,13.06.2009,107.702003,0.671233,2.195,2.672
FR0000188690,13.06.2009,107.302002,3.006164,2.46,3.04
FR0000188989,13.06.2009,104.736,0.536986,2.692,3.551
FR0000189151,13.06.2009,102.252998,0.570548,3.968,7.924
FR0010011130,13.06.2009,104.570999,2.531507,2.868,3.896
FR0010061242,13.06.2009,104.408997,0.536986,3.011,4.373
FR0010070060,13.06.2009,102.757004,0.637671,4.565,14.793
FR0010112052,13.06.2009,104.113998,2.531507,3.152,4.685
FR0010163543,13.06.2009,101.263,0.469863,3.259,5.215
FR0010171975,13.06.2009,90.564003,0.536986,4.488,19.589
FR0010192997,13.06.2009,96.050003,0.503425,4.178,9.306
FR0010216481,13.06.2009,97.985001,1.89863,3.355,5.589
FR0010288357,13.06.2009,98.777,0.436301,3.452,6.026
FR0010371401,13.06.2009,91.830002,2.531507,4.506,16.077
FR0010415331,13.06.2009,100.408997,0.503425,3.688,6.68
FR0010466938,13.06.2009,98.726997,2.689726,4.369,10.282
FR0010517417,13.06.2009,103.439003,2.689726,3.761,6.803
FR0010604983,13.06.2009,101.139,0.536986,3.845,7.325
FR0010670737,13.06.2009,102.449997,2.689726,3.93,7.45
FR0000570921,13.06.2009,137.429993,5.379452,4.011,7.198
FR0000571085,13.06.2009,142.957993,1.141096,4.316,9.066
FR0000571044,13.06.2009,138.875,1.107534,4.261,8.664
FR0000571150,13.06.2009,118.390999,3.79726,4.398,10.531
FR0000570731,13.06.2009,108.759003,0.872603,1.688,1.777
FR0000571218,13.06.2009,112.408997,0.738356,4.538,12.358
FR0000570780,13.06.2009,119.667999,3.935616,2.6,3.057
GR0128001584,13.06.2009,112.757004,0.479167,3.936,3.428
GR0128002590,13.06.2009,109.994003,2.744444,4.056,3.879
GR0133001140,13.06.2009,110.057999,4.170833,5.214,7.318
GR0124015497,13.06.2009,105.547997,0.381096,2.371,1.836
GR0124018525,13.06.2009,105.609001,0.373973,3.211,2.699
GR0133002155,13.06.2009,103.969002,3.782466,5.47,8.869
GR0124021552,13.06.2009,102.709999,0.302466,3.843,3.546
GR0124024580,13.06.2009,101.341003,0.29589,4.192,4.343
GR0124026601,13.06.2009,96.184998,3.324932,4.426,5.149
GR0138001673,13.06.2009,81.350998,3.279452,5.865,13.844
GR0124028623,13.06.2009,94.063004,3.235069,4.598,5.885
GR0114019442,13.06.2009,102.695,3.173425,2.612,2.024
GR0124029639,13.06.2009,96.129997,3.86411,4.889,6.404
GR0138002689,13.06.2009,81.081001,3.352329,5.944,14.19
GR0114020457,13.06.2009,101.93,3.336164,3.446,2.861
GR0133003161,13.06.2009,89.657997,1.094521,5.756,10.03
GR0110019214,13.06.2009,102.529999,0.884932,2.318,1.692
GR0114021463,13.06.2009,99.998001,4.861352,3.994,3.617
GR0124030645,13.06.2009,96.885002,4.988343,5.033,6.895
GR0110020220,13.06.2009,103.486397,2.121644,2.937,2.327
GR0114022479,13.06.2009,105.078003,2.049315,4.357,4.417
GR0110021236,13.06.2009,102.781998,1.366575,3.225,2.558
GR0124031650,13.06.2009,104.814003,1.545205,5.357,7.431
XS0191352847,13.06.2009,90.318497,4.709077,5.952,12.567
HU0000401922,13.06.2009,96.614502,2.4869,9.987,1.416
HU0000402037,13.06.2009,80.526497,3.7171,10.296,5.633
HU0000402045,13.06.2009,90.1819,2.2377,10.057,2.982
HU0000402193,13.06.2009,83.8451,1.8233,9.98,3.745
HU0000402235,13.06.2009,81.881203,4.3767,10.251,6.625
HU0000402268,13.06.2009,90.373398,2.6521,10.305,4.171
HU0000402292,13.06.2009,96.296501,4.5123,9.792,1.154
HU0000402318,13.06.2009,77.744102,1.8233,10.258,4.989
HU0000402334,13.06.2009,92.124001,4.011,9.916,1.961
HU0000402367,13.06.2009,93.262497,0.0199,9.959,2.539
HU0000402375,13.06.2009,81.604897,2.0158,10.313,5.388
HU0000402383,13.06.2009,69.054901,3.3041,10.168,7.884
HU0000402409,13.06.2009,96.1287,5.0171,9.789,1.035
HU0000402417,13.06.2009,89.177498,3.8137,9.915,2.741
HU0000402425,13.06.2009,94.8955,0.9616,9.867,1.632
HU0000402433,13.06.2009,77.306999,6.3041,10.22,6.132
IT0004413909,13.06.2009,97.922302,0,1.63,1.278
IT0004480858,13.06.2009,96.595596,0,1.946,1.763
IL0010994569,13.06.2009,99.937592,3.85241,6.25,10.049
IL0011015752,13.06.2009,100.122864,1.59714,5.48,6.067
IL0011077885,13.06.2009,103.596298,1.0137,3.96,3.394
IL0011109076,13.06.2009,102.12767,1.74233,5.7,7.136
IL0011128878,13.06.2009,102.089043,0.81096,3.2,2.601
IE0006857530,13.06.2009,98.254997,0.705753,4.904,5.699
IE0031256328,13.06.2009,103.625,0.767123,3.962,3.439
IE0034074488,13.06.2009,90.606003,0.690411,5.682,8.171
IE00B28HXX02,13.06.2009,93.002998,2.934247,5.472,7.147
IE00B2QTFG59,13.06.2009,91.209999,4.339726,5.569,7.43
IE00B3FCJN73,13.06.2009,102.4543,2.345206,2.926,2.236
IE00B3KWYS29,13.06.2009,99.060997,1.632877,4.224,4.049
IE00B5S94L21,13.06.2009,101.637001,1.079178,3.258,2.533
XS0133144898,13.06.2009,108.250999,5.088356,4.373,5.57
IT0003621445,13.06.2009,103.495903,3.908219,3.737,4.372
IT0003621460,13.06.2009,95.6586,4.451027,5.555,9.761
IT0003685093,13.06.2009,92.428902,4.516164,5.777,12.753
XS0030553530,13.06.2009,110.978996,2.466667,2.67,1.61
JP1200401V00,13.06.2009,107.07,0.535616,1.435,8.141
JP1200411V08,13.06.2009,100,0.349315,1.5,8.489
JP1200421W05,13.06.2009,109.688004,0.605479,1.466,8.497
JP1200431W03,13.06.2009,112.498001,0.675342,1.496,8.85
JP1200441W01,13.06.2009,108.657997,0.582192,1.56,9.169
JP1200451001,13.06.2009,107.637001,0.558904,1.57,9.162
JP1300021001,13.06.2009,103.578003,0.743014,2.15,14.218
JP1102211008,13.06.2009,101.666,0.910959,0.265,1.01
JP1200461000,13.06.2009,105.561996,1.054795,1.606,9.274
JP1102221007,13.06.2009,101.571999,0.863014,0.257,1.011
JP1300031000,13.06.2009,101.870003,0.151233,2.17,14.373
JP1102231006,13.06.2009,101.828003,0.39589,0.257,1.262
JP1200471009,13.06.2009,105.424004,0.512329,1.63,9.477
JP1102241005,13.06.2009,101.953003,0.419178,0.258,1.262
JP1102251004,13.06.2009,102.419998,0.910959,0.301,1.5
JP1200481008,13.06.2009,108.372002,1.19863,1.636,9.589
JP1300041009,13.06.2009,111.738998,0.190685,2.105,14.746
JP1102261003,13.06.2009,102.264,0.863014,0.304,1.501
JP1102271101,13.06.2009,102.210999,0.372603,0.343,1.753
JP1200491106,13.06.2009,104.022003,0.489041,1.69,9.773
JP1102281100,13.06.2009,102.037003,0.349315,0.342,1.753
JP1102291133,13.06.2009,101.862,0.326027,0.341,1.754
JP1102301148,13.06.2009,101.336998,0.256164,0.34,1.755
JP1200501144,13.06.2009,101.809998,0.442466,1.715,9.752
JP1300051156,13.06.2009,99.778,0.144657,2.215,14.741
JP1102311162,13.06.2009,101.820999,0.623288,0.391,1.991
JP1102321179,13.06.2009,101.623001,0.575342,0.389,1.992
JP1102331186,13.06.2009,102.018997,0.671233,0.392,1.99
JP1200511184,13.06.2009,102.783997,0.958904,1.72,9.869
JP1102341193,13.06.2009,102.194,0.326027,0.424,2.242
JP12005211A9,13.06.2009,103.690002,0.489041,1.735,10.071
JP13000611B1,13.06.2009,103.080002,0.157808,2.195,15.011
JP11023511C8,13.06.2009,102.344002,0.671233,0.459,2.475
JP12005311C3,13.06.2009,103.587997,1.006849,1.75,10.171
JP1102361225,13.06.2009,102.591003,0.719178,0.46,2.474
JP1200541223,13.06.2009,104.667,1.054795,1.745,10.172
JP1102371232,13.06.2009,102.746002,0.349315,0.494,2.721
JP1200551248,13.06.2009,102.234001,0.465753,1.785,10.352
JP1102381256,13.06.2009,102.473999,0.326027,0.493,2.721
JP1300071253,13.06.2009,101.060997,0.151233,2.23,15.151
JP1102391263,13.06.2009,102.579002,0.671233,0.532,2.952
JP1200561262,13.06.2009,101.998001,0.958904,1.81,10.438
JP1102401278,13.06.2009,102.283997,0.623288,0.531,2.954
JP1200571287,13.06.2009,100.839996,0.910959,1.82,10.431
JP1102411293,13.06.2009,102.32,0.30274,0.577,3.201
JP11024212A6,13.06.2009,102,0.279452,0.577,3.202
JP12005812A4,13.06.2009,100.584999,0.442466,1.845,10.614
JP11024312B2,13.06.2009,101.68,0.256164,0.576,3.203
JP13000812B5,13.06.2009,91.966003,0.118356,2.329,15.143
JP11024412C8,13.06.2009,101.281998,0.479452,0.627,3.428
JP12005912C8,13.06.2009,97.956001,0.815068,1.889,10.68
JP1102451315,13.06.2009,100.922997,0.431507,0.631,3.429
JP1300091319,13.06.2009,84.657997,0.671233,2.424,14.862
JP1102461322,13.06.2009,100.581001,0.383562,0.631,3.431
JP1200601324,13.06.2009,94.324997,0.671233,1.929,10.648
JP1102471339,13.06.2009,100.494003,0.186301,0.665,3.668
JP1102481346,13.06.2009,100.127998,0.163014,0.665,3.669
JP1200611349,13.06.2009,89.260002,0.232877,1.994,10.773
JP1102491352,13.06.2009,99.761002,0.139726,0.665,3.67
JP1300101357,13.06.2009,79.015999,0.256164,2.509,14.84
JP1102501366,13.06.2009,99.144997,0.239726,0.718,3.897
JP1200621363,13.06.2009,86.311996,0.383562,2.058,10.832
JP1102511373,13.06.2009,100.718002,0.431507,0.716,3.89
JP1300111372,13.06.2009,89.958,0.815068,2.354,15.205
JP1102521380,13.06.2009,101.106003,0.479452,0.716,3.888
JP1200631388,13.06.2009,98.785004,0.863014,1.909,10.963
JP1102531397,13.06.2009,103.529999,0.372603,0.747,4.124
JP11025413A9,13.06.2009,102.704002,0.326027,0.746,4.126
JP12006413A0,13.06.2009,99.776001,0.442466,1.919,11.152
JP11025513B4,13.06.2009,103.116997,0.349315,0.746,4.125
JP13001213B5,13.06.2009,97.036003,0.489041,2.289,15.522
JP11025613C0,13.06.2009,102.693001,0.671233,0.783,4.338
JP12006513C3,13.06.2009,99.602997,0.910959,1.935,11.233
JP1102571427,13.06.2009,102.258003,0.623288,0.782,4.34
JP1200661427,13.06.2009,98.360001,0.863014,1.944,11.224
JP1300131420,13.06.2009,95.075996,0.958904,2.314,15.486
JP1102581434,13.06.2009,102.220001,0.30274,0.816,4.575
JP1200671434,13.06.2009,99.541,0.442466,1.939,11.428
JP1102591441,13.06.2009,103.136002,0.349315,0.816,4.573
JP1300141445,13.06.2009,102.466003,0.558904,2.245,15.83
JP1200681441,13.06.2009,103.337997,0.512329,1.91,11.461
JP1200691457,13.06.2009,102.069,0.489041,1.92,11.45
JP1102601463,13.06.2009,103.593002,0.767123,0.853,4.778
JP1200701462,13.06.2009,105.896004,1.150685,1.895,11.565
JP1102611470,13.06.2009,104.575996,0.863014,0.849,4.775
JP1102621487,13.06.2009,105.055,0.910959,0.849,4.772
JP1300151485,13.06.2009,104.249001,1.19863,2.235,15.864
JP1200711487,13.06.2009,103.32,1.054795,1.915,11.546
JP1102631494,13.06.2009,103.619003,0.372603,0.881,5.019
JP1200721494,13.06.2009,101.764,0.489041,1.95,11.711
JP11026414A6,13.06.2009,103.091003,0.349315,0.886,5.019
JP13001614A6,13.06.2009,104.278,0.582192,2.235,16.06
JP11026514C9,13.06.2009,103.060997,0.719178,0.917,5.218
JP12007314C5,13.06.2009,100.295998,0.958904,1.975,11.767
JP1102661517,13.06.2009,102.537003,0.671233,0.917,5.22
JP1102671524,13.06.2009,102.014,0.623288,0.916,5.223
JP1300171525,13.06.2009,102.347,1.150685,2.255,16.018
JP1200741526,13.06.2009,101.602997,1.006849,1.965,11.776
JP1102681531,13.06.2009,102.973,0.349315,0.956,5.447
JP1200751533,13.06.2009,101.319,0.489041,1.99,11.944
JP1102691548,13.06.2009,101.853996,0.30274,0.96,5.448
JP1300181540,13.06.2009,100.405998,0.535616,2.275,16.158
JP1200761540,13.06.2009,98.682999,0.442466,2.009,11.919
JP1200771556,13.06.2009,100,0.465753,2,11.932
JP1102701560,13.06.2009,101.753998,0.623288,0.991,5.646
JP1050471562,13.06.2009,100.277,0.239726,0.228,1.014
JP1200781563,13.06.2009,98.43,0.910959,2.029,11.978
JP1102711577,13.06.2009,101.130997,0.575342,1,5.645
JP1300191572,13.06.2009,100.325996,1.10274,2.28,16.153
JP1200791570,13.06.2009,99.818001,0.958904,2.015,11.995
JP1050481587,13.06.2009,100.481003,0.335616,0.226,1.013
JP1200801585,13.06.2009,101.210999,1.006849,2,12.012
JP1102721592,13.06.2009,102.175003,0.326027,1.03,5.872
JP1050491594,13.06.2009,100.458,0.139726,0.238,1.266
JP1200811592,13.06.2009,99.633003,0.465753,2.03,12.174
JP11027315A4,13.06.2009,102.793999,0.349315,1.025,5.872
JP10505015A3,13.06.2009,100.709,0.186301,0.24,1.265
JP13002015A5,13.06.2009,104.211998,0.582192,2.245,16.433
JP12008215A7,13.06.2009,101.041,0.489041,2.015,12.195
JP10505115B9,13.06.2009,100.960999,0.232877,0.241,1.264
JP11027415C8,13.06.2009,102.705002,0.719178,1.056,6.058
JP10505215C5,13.06.2009,100.781998,0.383562,0.283,1.508
JP12008315C1,13.06.2009,100.802002,1.006849,2.035,12.241
JP1102751615,13.06.2009,102.097,0.671233,1.056,6.061
JP1300211610,13.06.2009,100.247002,1.10274,2.285,16.334
JP1200841615,13.06.2009,99.444,0.958904,2.045,12.231
JP1102761622,13.06.2009,103.344002,0.767123,1.051,6.057
JP1050531621,13.06.2009,101.080002,0.479452,0.286,1.507
JP1102771639,13.06.2009,103.240997,0.372603,1.085,6.281
JP1050541638,13.06.2009,101.352997,0.256164,0.329,1.752
JP1200851630,13.06.2009,100.623001,0.489041,2.05,12.418
JP1102781646,13.06.2009,104.532997,0.419178,1.081,6.281
JP1050551645,13.06.2009,101.876999,0.326027,0.331,1.751
JP1300221643,13.06.2009,104.175003,0.582192,2.25,16.613
JP1200861647,13.06.2009,103.440002,0.535616,2.025,12.452
JP1102791652,13.06.2009,105.825996,0.465753,1.076,6.28
JP1050561651,13.06.2009,102.051003,0.349315,0.332,1.751
JP1200871653,13.06.2009,101.998001,0.512329,2.04,12.431
JP1102801667,13.06.2009,105.126999,0.910959,1.112,6.455
JP1050571668,13.06.2009,102.039001,0.671233,0.382,1.991
JP1200881660,13.06.2009,103.214996,1.10274,2.045,12.491
JP1102811674,13.06.2009,105.809998,0.958904,1.107,6.454
JP1050581675,13.06.2009,102.237,0.719178,0.383,1.99
JP1300231675,13.06.2009,104.197998,1.19863,2.25,16.612
JP1050591682,13.06.2009,101.841003,0.623288,0.381,1.992
JP1200891685,13.06.2009,101.762001,1.054795,2.06,12.472
JP1102821699,13.06.2009,103.476997,0.39589,1.18,6.671
JP1050601697,13.06.2009,101.746002,0.279452,0.423,2.243
JP1200901690,13.06.2009,101.587997,0.512329,2.075,12.651
JP13002416A5,13.06.2009,104.223999,0.582192,2.25,16.807
JP12009116A6,13.06.2009,103.055,0.535616,2.06,12.673
JP11028316B9,13.06.2009,104.214996,0.419178,1.17,6.674
JP11028416C5,13.06.2009,103.295998,0.815068,1.221,6.834
JP10506116C4,13.06.2009,101.824997,0.575342,0.467,2.477
JP12009216C0,13.06.2009,100,1.006849,2.1,12.68
JP1050621711,13.06.2009,102.071999,0.623288,0.468,2.476
JP1300251715,13.06.2009,100.167999,1.10274,2.29,16.698
JP1102851738,13.06.2009,103.108002,0.39589,1.26,7.047
JP1050631736,13.06.2009,101.916,0.279452,0.498,2.722
JP1200931739,13.06.2009,98.388,0.465753,2.124,12.837
JP1300261748,13.06.2009,102.212997,0.558904,2.27,16.939
JP1200941746,13.06.2009,99.870003,0.489041,2.11,12.86
JP1102861760,13.06.2009,103.695999,0.863014,1.291,7.207
JP1050641768,13.06.2009,102.889,0.719178,0.527,2.951
JP1200951760,13.06.2009,102.678001,1.10274,2.095,12.942
JP1102871777,13.06.2009,104.496002,0.910959,1.281,7.209
JP1050651783,13.06.2009,102.594002,0.671233,0.527,2.953
JP1200961785,13.06.2009,99.674004,1.006849,2.125,12.9
JP1102881792,13.06.2009,102.830002,0.39589,1.32,7.428
JP1050661790,13.06.2009,101.663002,0.256164,0.581,3.202
JP1200971792,13.06.2009,100.986,0.512329,2.125,13.095
JP14000117B7,13.06.2009,102.362999,0.558904,2.285,20.445
JP10506717A3,13.06.2009,102.303001,0.30274,0.582,3.201
JP13002717A6,13.06.2009,104.318001,0.582192,2.25,17.183
JP12009817B7,13.06.2009,99.473999,0.489041,2.14,13.071
JP11028917C2,13.06.2009,101.027,0.719178,1.365,7.579
JP10506817C7,13.06.2009,101.641998,0.527397,0.623,3.427
JP12009917C3,13.06.2009,99.337997,1.006849,2.149,13.113
JP1050691813,13.06.2009,100.940002,0.431507,0.627,3.43
JP1102901830,13.06.2009,100.078003,0.326027,1.39,7.789
JP1050701836,13.06.2009,100.475998,0.186301,0.67,3.668
JP1201001839,13.06.2009,100.870003,0.512329,2.135,13.331
JP1102911847,13.06.2009,99.258003,0.30274,1.394,7.788
JP1300281845,13.06.2009,104.363998,0.582192,2.25,17.366
JP1102921853,13.06.2009,102.539001,0.39589,1.375,7.794
JP1050711850,13.06.2009,102.307999,0.30274,0.671,3.663
JP1201011853,13.06.2009,103.897003,0.558904,2.11,13.372
JP1022691867,13.06.2009,100.694,0.443836,0.208,0.999
JP1102931860,13.06.2009,103.236,0.863014,1.396,7.944
JP1050721867,13.06.2009,103.047997,0.719178,0.719,3.879
JP1201021860,13.06.2009,103.791,1.150685,2.12,13.405
JP1022701872,13.06.2009,100.746002,0.367397,0.212,1.081
JP1102941877,13.06.2009,102.396004,0.815068,1.4,7.944
JP1050731874,13.06.2009,102.271004,0.623288,0.718,3.883
JP1201031877,13.06.2009,102.297997,1.10274,2.13,13.391
JP1022711889,13.06.2009,100.671997,0.25863,0.225,1.167
JP1102951884,13.06.2009,100.718002,0.719178,1.41,7.945
JP1050741881,13.06.2009,101.086998,0.479452,0.721,3.887
JP1201041884,13.06.2009,99.125,1.006849,2.164,13.337
JP1022721896,13.06.2009,100.584,0.172603,0.234,1.252
JP1102961891,13.06.2009,100.448997,0.349315,1.445,8.148
JP1050751898,13.06.2009,101.422997,0.256164,0.756,4.127
JP1201051891,13.06.2009,99.115997,0.489041,2.165,13.531
JP10227318A8,13.06.2009,100.748001,0.129315,0.239,1.334
JP10507618A2,13.06.2009,101.835999,0.279452,0.756,4.126
JP13002918A0,13.06.2009,102.285004,0.558904,2.27,17.49
JP12010618A8,13.06.2009,100.681,0.512329,2.15,13.557
JP10227418B4,13.06.2009,100.5,0.047671,0.247,1.419
JP10507718B8,13.06.2009,101.011002,0.232877,0.755,4.128
JP10227518C9,13.06.2009,100.499001,0.29589,0.267,1.496
JP11029718C3,13.06.2009,99.375,0.671233,1.474,8.292
JP10507818C4,13.06.2009,100.455002,0.431507,0.795,4.345
JP12010718C2,13.06.2009,99.041,1.006849,2.169,13.574
JP1022761918,13.06.2009,100.337997,0.20411,0.286,1.581
JP1102981915,13.06.2009,98.500999,0.623288,1.479,8.293
JP1050791910,13.06.2009,99.609001,0.335616,0.789,4.35
JP1201081914,13.06.2009,95.905998,0.910959,2.199,13.528
JP1022771925,13.06.2009,100.156998,0.129315,0.305,1.666
JP1050801925,13.06.2009,100.042999,0.383562,0.79,4.348
JP1022781932,13.06.2009,100.121002,0.09863,0.33,1.742
JP1102991930,13.06.2009,98.255997,0.30274,1.504,8.489
JP1050811932,13.06.2009,99.885002,0.186301,0.825,4.578
JP1201091939,13.06.2009,95.802002,0.442466,2.204,13.704
JP1022791949,13.06.2009,100.098999,0.064658,0.345,1.826
JP1050821949,13.06.2009,100.365997,0.209589,0.82,4.578
JP1300301940,13.06.2009,100.264999,0.535616,2.285,17.622
JP1201101944,13.06.2009,99.031998,0.489041,2.169,13.765
JP1022801953,13.06.2009,100.074997,0.031781,0.36,1.907
JP1103001952,13.06.2009,100.084999,0.349315,1.49,8.497
JP1400021950,13.06.2009,97.216003,0.512329,2.335,20.512
JP1200291R09,13.06.2009,118.93,0.978082,0.994,5.857
JP1200131L09,13.06.2009,108.249001,1.583562,0.287,1.248
JP1200141L07,13.06.2009,112.218002,1.7,0.353,1.733
JP1200151M03,13.06.2009,111.157997,1.560274,0.355,1.734
JP1200161M01,13.06.2009,114.361,1.583562,0.417,2.219
JP1200171M09,13.06.2009,113.913002,1.536986,0.416,2.22
JP1200181M07,13.06.2009,115.877998,1.467123,0.484,2.696
JP1200191N04,13.06.2009,117.059998,1.373973,0.585,3.173
JP1200201N02,13.06.2009,116.061996,1.304109,0.594,3.173
JP1200211N00,13.06.2009,118.602997,1.327397,0.642,3.637
JP1200221P06,13.06.2009,117.156998,1.234246,0.636,3.641
JP1200231P04,13.06.2009,119.733002,1.280822,0.734,4.097
JP1200241P02,13.06.2009,117.949997,1.09452,0.792,4.551
JP1200251Q08,13.06.2009,115.120003,0.954795,0.806,4.553
JP1200261Q06,13.06.2009,118.157997,1.047945,0.896,4.994
JP1200271Q04,13.06.2009,120.764,1.164384,0.881,4.994
JP1200301R07,13.06.2009,115.845001,0.861644,1.013,5.855
JP1200311R05,13.06.2009,115.425003,0.815068,1.058,6.273
JP1200321S02,13.06.2009,116.723999,0.861644,1.053,6.273
JP1200331S00,13.06.2009,117.835999,0.884932,1.143,6.663
JP1200361T02,13.06.2009,112.596001,0.69863,1.311,7.416
JP1200371T00,13.06.2009,113.426003,0.721918,1.301,7.42
JP1200281R01,13.06.2009,122.304001,1.164384,0.926,5.423
JP1200381T08,13.06.2009,110.484001,0.628767,1.361,7.788
JP1200391V02,13.06.2009,109.745003,0.605479,1.356,7.792
XS0398117746,13.06.2009,101.629997,1.962329,3.348,3.998
MXM0GO000011,13.06.2009,107.3769,4.275,6.644,2.933
MX0MGO000003,13.06.2009,96.493797,3.8,8.42,8.111
MX0MGO000037,13.06.2009,104.259804,3.8,5.104,1.402
MX0MGO000045,13.06.2009,102.911598,3.8,7.241,3.664
MX0MGO000060,13.06.2009,108.702301,4.5125,7.562,4.181
MX0MGO000078,13.06.2009,113.996399,4.75,8.38,8.012
MX0MGO000052,13.06.2009,106.513702,4.275,6.208,2.193
MX0MGO000086,13.06.2009,101.012398,3.8,7.8,4.884
MX0MGO0000A4,13.06.2009,107.556297,4.275,6.843,3.279
MX0MGO000094,13.06.2009,105.177696,4.0375,5.79,1.809
MX0MGO0000B2,13.06.2009,111.483002,4.75,8.88,9.682
MX0MGO0000D8,13.06.2009,90.047798,3.5625,8.59,9.027
MX0MGO0000C0,13.06.2009,95.456299,3.44375,8.059,5.51
MX0MGO0000E6,13.06.2009,103.148201,3.5625,6.352,2.624
MX0MGO0000F3,13.06.2009,97.613998,3.68125,8.14,5.943
MX0MGO0000H9,13.06.2009,97.550797,4.0375,8.76,9.083
MX0MGO0000J5,13.06.2009,95.336098,4.0375,8.95,10.003
MX0MGO0000G1,13.06.2009,101.900299,4.0375,8.21,6.28
MYBGN0500015,13.06.2009,101.602997,1.068726,4.1,4.998
MYBGI0500247,13.06.2009,101.755699,0.050437,2.48,1.442
MYBGI0600088,13.06.2009,103.895103,1.92058,2.7,1.951
MYBGN0600195,13.06.2009,97.705498,0.301033,4.18,6.367
MYBGN0700086,13.06.2009,96.857697,1.948846,4.41,6.639
MYBGI0700292,13.06.2009,100.413803,0.885519,3.44,3.022
MYBGI0800019,13.06.2009,99.109703,0.738525,3.86,3.486
MYBGG0800120,13.06.2009,103.335297,1.976608,2.68,1.919
MYBGJ0800199,13.06.2009,100.9011,1.40466,4.06,4.144
MYBGN0800316,13.06.2009,99.286003,0.513533,4.39,7.606
MYBMS98004N0,13.06.2009,115.7202,0.961749,4.05,3.724
MYBMZ98005A5,13.06.2009,127.505096,0.961749,4.39,6.903
MYBMS99005N6,13.06.2009,115.145897,1.456011,4.09,4.409
MYBMN01001V0,13.06.2009,102.219902,0.802014,2.82,2.169
MYBMN02002V7,13.06.2009,101.415604,0.099664,3.62,3.217
MYBMS03001S9,13.06.2009,100.697899,1.644613,4.31,7.007
MYBMS03002H0,13.06.2009,99.461899,1.475801,4.31,7.069
MYBMN03003V4,13.06.2009,99.694298,1.104464,3.79,3.392
MYBMN04002W3,13.06.2009,104.478203,0.612393,4.07,4.283
MYBMS04003H7,13.06.2009,110.356796,2.12253,4.45,7.632
MYBMJ05001X8,13.06.2009,101.534798,1.08716,2.34,1.162
MYBMO05002S9,13.06.2009,103.292397,0.954317,4.12,5.376
MYBMY0500036,13.06.2009,99.415604,1.99092,4.89,10.857
MYBMJ0500045,13.06.2009,102.100601,0.472066,2.6,1.797
MYBMO0600019,13.06.2009,100.585098,1.042337,4.17,6.129
MYBMX0600028,13.06.2009,97.530502,1.151658,4.92,11.505
MYBMJ0600050,13.06.2009,101.322197,1.838571,3.25,2.776
MYBMN0700027,13.06.2009,97.445099,1.243238,4.21,6.49
MYBMX0700034,13.06.2009,82.985298,0.124388,4.94,12.633
MYBMJ0700058,13.06.2009,99.073997,0.291576,3.96,3.603
MYBMJ0800015,13.06.2009,97.874199,1.271583,4.02,3.758
MYBMX0800032,13.06.2009,103.294502,1.283478,4.98,12.015
MYBMH0900017,13.06.2009,97.298401,0.73468,3.4,3.026
MYBMW91003Z7,13.06.2009,115.777496,0.301913,3.61,3.042
KR1035037M49,13.06.2009,106.316101,1.176923,4.079,1.708
KR1035037M72,13.06.2009,105.296097,1.063077,4.254,1.934
KR1035037MA7,13.06.2009,105.220497,0.909341,4.283,2.17
KR1035037N14,13.06.2009,106.887398,0.997582,4.314,2.366
KR1035037N48,13.06.2009,107.818199,1.14,4.341,2.551
KR1035037N71,13.06.2009,106.487396,1.021538,4.386,2.778
KR1035037NA5,13.06.2009,105.189697,0.978352,4.458,2.994
KR1035037P38,13.06.2009,101.412598,1.07337,4.585,3.388
KR1035037P95,13.06.2009,100.070503,1.13587,4.728,3.779
KR1035037Q37,13.06.2009,101.551003,1.255435,4.877,4.13
KR1035027Q96,13.06.2009,96.691101,1.097147,4.972,4.581
KR1035017R63,13.06.2009,100.861198,0.032787,3.111,0.967
KR1035027R95,13.06.2009,99.5877,1.355299,5.325,5.195
KR1035017RC4,13.06.2009,102.264702,0.043033,3.676,1.428
KR1035017S39,13.06.2009,101.8088,1.484375,5.581,10.576
KR1035027S37,13.06.2009,101.750603,1.290761,3.944,1.641
KR1035017S96,13.06.2009,101.027397,1.226223,4.259,2.087
KR1035027S94,13.06.2009,97.452904,1.290761,5.427,5.912
KR1035017T38,13.06.2009,101.0923,1.226223,4.319,2.523
KR1035037T34,13.06.2009,96.095497,1.355299,5.598,11.153
KR1035017T61,13.06.2009,102.059502,0.043033,3.124,0.964
KR1035017T95,13.06.2009,102.454102,1.355299,4.425,2.926
KR1035027T93,13.06.2009,100.772903,1.419837,5.38,6.481
KR1035017TC0,13.06.2009,102.978996,0.047131,3.679,1.425
KR1035017V34,13.06.2009,101.605698,1.355299,4.772,3.328
KR1035027V32,13.06.2009,98.641197,1.419837,5.616,11.392
KR1035017V67,13.06.2009,102.402603,0.045082,4.229,1.875
KR1035017V91,13.06.2009,103.8853,1.484375,4.724,3.697
KR1035027V99,13.06.2009,102.6325,1.484375,5.382,7.038
KR1035017VC6,13.06.2009,101.072403,0.038934,4.291,2.329
KR1035017W33,13.06.2009,99.480499,1.226223,4.871,4.151
NL0000102580,13.06.2009,104.643997,5.017808,1.176,1.026
NL0000102606,13.06.2009,106.445999,4.561644,1.823,1.919
NL0000102671,13.06.2009,107.758003,4.561644,2.363,2.76
NL0000102689,13.06.2009,105.398003,3.877397,2.832,3.608
NL0000102325,13.06.2009,102.768997,3.421233,3.151,4.44
NL0000102234,13.06.2009,92.709999,1.632877,4.463,15.78
NL0000102242,13.06.2009,99.154999,2.965069,3.405,5.277
NL0000102275,13.06.2009,94.294998,1.530822,4.312,10.193
NL0000102283,13.06.2009,102.277,3.649315,3.629,5.891
NL0006007239,13.06.2009,104.697998,4.105479,3.813,6.477
NL0006173015,13.06.2009,103.869003,1.632877,1.517,1.531
NL0006227316,13.06.2009,100.504997,3.649315,3.932,7.243
NL0009041359,13.06.2009,100.921997,1.013699,2.128,2.467
NL0009086115,13.06.2009,99.764999,1.315068,4.029,8.058
NL0000102077,13.06.2009,132.283997,3.061644,4.309,9.013
NL0000102317,13.06.2009,112.272003,2.245205,4.509,11.72
NO0010052467,13.06.2009,107.2733,0.460274,2.1,1.83
NO0010144843,13.06.2009,112.168198,0.516438,3.15,3.481
NO0010226962,13.06.2009,106.644501,0.39726,3.727,5.085
NO0010313356,13.06.2009,101.459801,0.291096,4.031,6.621
NO0010429913,13.06.2009,101.413101,0.271233,4.321,7.882
NZGOVD1111R9,13.06.2009,105.009598,0.472826,3.813,2.241
NZGOVD0413R0,13.06.2009,105.675903,1.047814,4.859,3.357
NZGOVD0004R7,13.06.2009,102.435501,0.967213,5.505,4.845
NZGOVD0008C0,13.06.2009,99.834801,-0.032967,6.025,6.586
DE0001141471,13.06.2009,101.518997,1.69863,1.329,1.279
DE0001141489,13.06.2009,103.300003,0.632877,1.642,1.757
DE0001141497,13.06.2009,103.765999,2.320548,1.836,2.199
DE0001141505,13.06.2009,105.379997,0.668493,2.025,2.668
DE0001141513,13.06.2009,106.156998,2.841096,2.305,3.033
DE0001141521,13.06.2009,103.489998,0.594521,2.531,3.546
DE0001141539,13.06.2009,105.209999,2.848866,2.705,3.861
DE0001141547,13.06.2009,97.433998,0.480822,2.825,4.479
PTOTEGOE0009,13.06.2009,108.5,3.926986,3.284,3.693
PTOTEJOE0006,13.06.2009,105.946999,5.121781,2.091,1.829
PTOTEKOE0003,13.06.2009,106.480003,4.972603,2.725,2.668
PTOTE1OE0019,13.06.2009,103.565002,4.339041,3.585,4.274
PTOTEYOE0007,13.06.2009,93.713997,0.622329,4.547,9.168
PTOTE3OE0017,13.06.2009,97.162003,2.211918,3.861,5.471
PTOTE4OE0040,13.06.2009,102.300003,0.51726,1.913,1.774
PTOTE5OE0007,13.06.2009,87.806,0.66274,4.912,15.46
PTOTE6OE0006,13.06.2009,100.490997,2.773151,4.118,6.052
PTOTELOE0010,13.06.2009,100.480003,2.860274,4.277,6.697
PTOTENOE0018,13.06.2009,100.607002,4.425616,4.367,6.992
PTOTEAOE0021,13.06.2009,101.519997,4.985609,4.795,9.699
PTOTEMOE0027,13.06.2009,101.526001,1.327397,4.557,7.746
PL0000101937,13.06.2009,101.168999,3.304,5.116,1.325
PL0000102646,13.06.2009,94.655403,4.143,6.354,8.59
PL0000102836,13.06.2009,97.057297,3.178,5.773,3.689
PL0000103602,13.06.2009,101.142601,3.973,6.02,4.953
PL0000104287,13.06.2009,97.812103,0.233,5.463,1.805
PL0000104543,13.06.2009,94.455704,3.323,6.11,6.323
PL0000104659,13.06.2009,97.939598,0.638,5.541,2.587
PL0000105037,13.06.2009,98.629898,0.705,5.649,3.383
PL0000105078,13.06.2009,94.773499,0,4.932,1.063
PL0000105391,13.06.2009,93,0.772,6.38,11.235
PL0000105441,13.06.2009,94.017799,3.481,6.298,7.351
PL0000105433,13.06.2009,99.424896,0.772,5.885,4.107
PL0000105524,13.06.2009,89.393501,0,5.444,2.006
AT0000384748,13.06.2009,103.019997,1.683904,3.4,4.079
AT0000385067,13.06.2009,105.608002,2.30137,1.58,1.49
AT0000385356,13.06.2009,106.949997,4.561644,2.625,2.752
AT0000385745,13.06.2009,102.595001,1.898219,4.279,6.876
AT0000385992,13.06.2009,102.290001,2.456986,3.224,3.881
AT0000386073,13.06.2009,103.947998,3.923014,3.44,4.367
AT0000386115,13.06.2009,94.805,3.558082,4.505,8.441
AT0000386198,13.06.2009,98.330002,3.193151,3.812,5.21
AT0000A001X2,13.06.2009,89.915001,2.59863,4.593,9.334
AT0000A011T9,13.06.2009,99.730003,2.969863,4.041,6.015
AT0000A04967,13.06.2009,89.988998,1.023288,4.81,15.447
AT0000A06P24,13.06.2009,100.834999,3.192603,4.176,6.638
AT0000A08968,13.06.2009,99.419998,1.072603,4.422,7.724
AT0000A0CL73,13.06.2009,99.050003,1.387945,3.597,4.744
AT0000383864,13.06.2009,116.578003,5.702055,4.852,10.774
FI0001005167,13.06.2009,106.779999,1.732877,1.663,1.619
FI0001005407,13.06.2009,109.565002,5.065753,2.845,3.503
FI0001005704,13.06.2009,104.339996,4.005479,3.443,5.104
FI0001005878,13.06.2009,101.710999,2.041781,1.366,1.215
FI0001006066,13.06.2009,100.296997,2.877055,3.83,6.768
FI0001006165,13.06.2009,105.342003,3.155479,2.518,2.953
FI0001006306,13.06.2009,102.57,4.123288,4.058,7.737
FI0001006462,13.06.2009,99.565002,0.702055,3.217,4.74
RU0001707572,13.06.2009,83.199997,3.649,12.32,2.692
RU0002867581,13.06.2009,92.660004,3.008,11.15,2.471
RU0002868076,13.06.2009,87,2.318,9.58,5.904
RU0002867631,13.06.2009,26.85,0,14.71,8.352
RU0002867615,13.06.2009,100,4.109,10.23,0.921
RU000A0DY8K8,13.06.2009,81,0.68,11.12,4.86
RU000A0D0G29,13.06.2009,76.809998,0.07,11.15,6.645
RU000A0GMSX0,13.06.2009,92.800003,0.869,11.53,1.365
RU000A0GN9A7,13.06.2009,63.209999,2.307,11.64,8.135
RU000A0JNHJ4,13.06.2009,55,0,8.27,8.492
RU000A0JP0V7,13.06.2009,85.199997,0.986,12.45,2.466
RU000A0JP2S9,13.06.2009,74,2.363,10.77,5.809
RU000A0JPLJ1,13.06.2009,82,0.869,12.22,3.173
ZAG000016320,13.06.2009,114.260002,-0.23014,8.881,8.543
ZAG000019878,13.06.2009,101.628998,-0.19178,8.376,4.331
ZAG000021833,13.06.2009,96.783997,2.03425,8.799,5.734
ZAG000021841,13.06.2009,94.858002,-0.17534,8.809,6.485
ZAG000024720,13.06.2009,96.130699,3.06164,8.541,3.673
ZAG000024738,13.06.2009,88.619102,2.95959,8.936,6.814
ZAG000030404,13.06.2009,76.781998,1.26712,8.45,10.931
ZAG000030396,13.06.2009,83.900002,1.36849,8.989,7.496
ZAG000010539,13.06.2009,106.931,3.73973,6.903,1.091
ZAG000010547,13.06.2009,124.502998,3.32877,8.375,4.327
SE0000722852,13.06.2009,106.620003,1.283333,1.402,1.684
SE0000909640,13.06.2009,110.375999,3.743056,2.219,2.971
SE0001149311,13.06.2009,110.517998,2.666667,3.846,8.597
SE0001250135,13.06.2009,107.494003,3.7625,3.142,5.197
SE0001517699,13.06.2009,97.887001,2.758333,3.339,6.096
SE0001811399,13.06.2009,101.879997,3.135417,3.48,6.746
SE0002241083,13.06.2009,103.755997,1.074306,3.78,7.838
SE0002829192,13.06.2009,88.060997,0.709722,4.21,17.328
SE0000412389,13.06.2009,117.862999,0.7125,2.793,4.236
IL0092680383,13.06.2009,108.456161,0.84384,2.34,1.773
IL0092681373,13.06.2009,118.813843,0.35616,3.25,2.639
IL0092682363,13.06.2009,112.669449,1.52055,4.5,4.011
IL0092683353,13.06.2009,107.333488,2.38651,5.16,5.254
SG4926884703,13.06.2009,104.432297,2.082528,0.39,1.015
SG5080889057,13.06.2009,106.069199,1.632251,0.64,1.96
SG5081889064,13.06.2009,109.502098,1.059783,2.313,6.301
SG5305894650,13.06.2009,107.455597,1.575967,1.011,2.868
SG5857905953,13.06.2009,102.774803,1.013122,1.54,3.829
SG5856905947,13.06.2009,110.9702,1.130435,2.65,7.705
SG7254912186,13.06.2009,109.111702,1.632251,1.733,4.572
SG7928920854,13.06.2009,102.935303,0.918478,2.941,9.3
SG7E27926983,13.06.2009,104.225998,1.139503,0.526,1.587
SG7J60932174,13.06.2009,102.092598,0.98913,3.342,13.058
SG7J26931922,13.06.2009,104.795998,0.523566,0.887,2.696
SG7J28931946,13.06.2009,99.749496,0.883152,3.148,10.662
SG7J27931939,13.06.2009,104.381104,0.498634,1.143,3.159
SG7P26938168,13.06.2009,100.729301,0.324112,1.427,3.664
SG7P27938175,13.06.2009,104.884697,1.294544,2.013,5.486
SI0002102349,13.06.2009,98.109001,1.271233,4.329,5.67
SI0002102794,13.06.2009,96.543999,1.52226,4.828,7.561
SI0002102919,13.06.2009,103.216003,1.490411,2.965,2.458
SI0002102935,13.06.2009,101.275002,0.863014,4.074,4.232
XS0192595873,13.06.2009,100.368401,0.29589,4.414,4.331
XS0249239830,13.06.2009,87.251198,0.865753,5.496,8.868
XS0299989813,13.06.2009,94.292999,0.347603,5.274,6.461
XS0430015742,13.06.2009,98,0.275685,4.793,4.837
XS0292653994,13.06.2009,94.708,0.909589,4.749,7.125
SK4120004227,13.06.2009,100.514603,1.660556,4.768,4.025
SK4120004318,13.06.2009,97.747101,0.456389,5.601,7.482
SK4120004565,13.06.2009,88.821098,0,4.187,2.774
SK4120005372,13.06.2009,89.499298,0.805479,5.915,6.321
ES0000012098,13.06.2009,106.305,4.138356,3.388,4.366
ES0000012387,13.06.2009,106.914001,4.704658,2.04,1.95
ES0000012411,13.06.2009,111.097,5.009589,4.934,12.637
ES0000012452,13.06.2009,107.311996,3.297945,2.164,2.193
ES0000012783,13.06.2009,110.345001,4.791781,3.982,6.313
ES0000012791,13.06.2009,107.316002,4.356164,2.536,2.795
ES0000012866,13.06.2009,104.317001,3.659178,3.069,3.641
ES0000012916,13.06.2009,104.295998,1.603288,3.539,4.885
ES0000012932,13.06.2009,89.469002,1.530411,4.902,15.2
ES00000120E9,13.06.2009,102.169998,2.831507,1.299,1.084
ES00000120G4,13.06.2009,96.469002,1.147808,3.757,5.797
ES00000120J8,13.06.2009,98.943001,1.384658,3.96,6.422
ES00000120L4,13.06.2009,103.797997,2.404109,2.706,3.086
ES00000120N0,13.06.2009,100.483002,4.269041,4.869,15.202
ES00000120Z4,13.06.2009,104.106003,0.494247,1.849,1.813
ES00000121A5,13.06.2009,99.675003,3.572055,4.142,7.228
ES00000121G2,13.06.2009,101.396896,1.749041,4.664,10.218
ES00000121H0,13.06.2009,104.132896,1.54863,3.271,4.119
ES00000121I8,13.06.2009,100.846001,0.331507,2.441,2.734
ES00000121L2,13.06.2009,102.326302,1.550137,4.312,7.879
ES0000011595,13.06.2009,116.359001,2.50274,2.391,2.44
ES0000011660,13.06.2009,111.040001,2.240959,2.901,3.228
ES0000011868,13.06.2009,114.028,2.186301,4.872,11.745
CH0009755197,13.06.2009,122.5,1.744444,3.018,21.351
CH0008055649,13.06.2009,105.2985,0.022917,0.945,2.887
CH0010379300,13.06.2009,109.945702,1.355556,1.205,3.408
CH0010840897,13.06.2009,106.592499,0.033333,0.657,1.942
CH0012385586,13.06.2009,110.436996,0.03125,1.891,5.402
CH0015221663,13.06.2009,104.625099,1.291667,2.395,7.438
CH0015633453,13.06.2009,102.516502,0.631944,2.095,6.134
CH0015803239,13.06.2009,106.800102,0.631944,3.092,16.207
CH0018454253,13.06.2009,104.330704,0.258333,2.501,8.518
CH0021908907,13.06.2009,96.5186,2.10625,2.616,9.435
CH0008680370,13.06.2009,112.879402,0.722222,3.087,13.42
CH0022859612,13.06.2009,98.544502,1.338889,2.217,6.65
CH0023139816,13.06.2009,101.514397,1.188889,1.704,5.036
CH0024524966,13.06.2009,89.364601,0.659722,3.09,18.635
CH0031835561,13.06.2009,102.4515,3.123611,3.071,13.167
CH0001480083,13.06.2009,111.910301,1.853472,1.527,4.136
CH0006448424,13.06.2009,114.306503,0.094444,2.269,6.849
CH0006809906,13.06.2009,103.303001,2.975,0.608,1.11
CH0008435569,13.06.2009,112.281303,1.355556,2.897,10.541
US912810DN55,13.06.2009,104.718803,0.925951,0.517,0.42
US912810DP04,13.06.2009,142.828094,3.667127,2.986,4.407
US912810DS43,13.06.2009,141.960495,3.463398,3.103,4.76
US912810DT26,13.06.2009,138.203094,0.778193,3.237,5.049
US912810DV71,13.06.2009,135.343506,3.015193,3.304,5.17
US912810DW54,13.06.2009,123.749496,0.571332,3.373,5.602
US912810DX38,13.06.2009,125.804497,0.591033,3.518,5.892
US912810DY11,13.06.2009,134.968796,0.689538,3.63,6.055
US912810DZ85,13.06.2009,136,2.892956,3.725,6.087
US912810EA26,13.06.2009,140.772507,0.71909,3.713,6.591
US912810EB09,13.06.2009,140.765594,0.709239,3.809,6.877
US912810EC81,13.06.2009,139.828094,2.892956,3.893,6.916
US912810ED64,13.06.2009,134.155502,2.648481,4.004,7.285
US912810EE48,13.06.2009,137.468506,2.770718,4.124,7.471
US912810EF13,13.06.2009,139.734406,0.689538,4.18,7.664
US912810EG95,13.06.2009,139.983505,2.85221,4.223,7.669
US912810EH78,13.06.2009,132.4375,2.566989,4.309,8.06
US912810EJ35,13.06.2009,135.015503,0.640285,4.333,8.25
US912810EK08,13.06.2009,135.1875,2.648481,4.367,8.247
US912810EL80,13.06.2009,134.343506,0.630435,4.384,8.51
US912810EM63,13.06.2009,127.390602,2.36326,4.475,8.891
US912810EN47,13.06.2009,131.625,0.600883,4.466,9.049
US912810EP94,13.06.2009,126.734398,2.322514,4.487,9.154
US912810EQ77,13.06.2009,117.984398,2.037293,4.517,9.62
US912810ES34,13.06.2009,133.156204,0.591033,4.496,9.972
US912810ET17,13.06.2009,134.984406,2.485497,4.491,9.913
US912810EV62,13.06.2009,126.671898,2.241022,4.53,10.319
US912810EW46,13.06.2009,116.515602,1.955801,4.573,10.804
US912810EX29,13.06.2009,125.656197,2.200276,4.576,10.753
US912810EY02,13.06.2009,122.75,0.512228,4.589,11.072
US912810EZ76,13.06.2009,124.468803,2.15953,4.588,10.989
US912810FA17,13.06.2009,121.718803,2.078039,4.598,11.269
US912810FB99,13.06.2009,118.8125,0.482677,4.599,11.603
US912810FE39,13.06.2009,111.140602,1.792818,4.617,12.002
US912810FF04,13.06.2009,108.140602,0.413723,4.611,12.364
US912810FG86,13.06.2009,108.140602,1.711326,4.615,12.314
US912810FJ26,13.06.2009,119.75,1.996547,4.61,12.112
US912810FM54,13.06.2009,121.890602,0.492527,4.608,12.484
US912810FP85,13.06.2009,110.031197,1.752072,4.636,12.97
US912810FT08,13.06.2009,97.921898,1.466851,4.636,15.09
US912810PT97,13.06.2009,101.718498,1.548343,4.639,15.192
US912810PU60,13.06.2009,105.6875,0.394022,4.635,15.275
US912810PW27,13.06.2009,95.796898,1.426105,4.641,15.73
US912810PX00,13.06.2009,97.921898,0.35462,4.631,15.888
US912810QA97,13.06.2009,81.906197,1.140884,4.627,16.81
US912810QB70,13.06.2009,93.796898,0.334918,4.635,16.337
US9128276J61,13.06.2009,105.804703,1.874309,0.773,1.13
US9128276T44,13.06.2009,106.429703,1.629834,1.112,1.596
US9128277B27,13.06.2009,107.734398,1.629834,1.376,2.047
US9128277L09,13.06.2009,108.453102,1.589088,1.631,2.49
US912828AJ96,13.06.2009,107.484398,1.426105,1.932,2.939
US912828AP56,13.06.2009,106.687302,0.315217,1.969,3.198
US912828AU42,13.06.2009,106.125,1.263122,2.132,3.391
US912828BA78,13.06.2009,105.125,0.285666,2.252,3.647
US912828BH22,13.06.2009,107.4375,1.385359,2.367,3.789
US912828BR04,13.06.2009,107,0.334918,2.565,4.027
US912828CA69,13.06.2009,105.875,1.303867,2.654,4.214
US912828CJ78,13.06.2009,109.0625,0.374321,2.767,4.395
US912828CT50,13.06.2009,106.734398,1.385359,2.841,4.593
US912828DC17,13.06.2009,106.546898,0.334918,2.935,4.833
US912828DM98,13.06.2009,104.9375,1.303867,3.045,5.01
US912828DV97,13.06.2009,105.343803,0.325068,3.129,5.235
US912828DX53,13.06.2009,103.039101,1.792582,0.589,0.977
US912828DZ02,13.06.2009,103.484398,1.594959,0.656,1.057
US912828ED80,13.06.2009,103.929703,1.344613,0.756,1.14
US912828EE63,13.06.2009,106.109398,1.385359,3.153,5.365
US912828EG12,13.06.2009,103.820297,0.94769,0.81,1.223
US912828EJ50,13.06.2009,104.468803,0.685109,0.884,1.303
US912828EM89,13.06.2009,104.980202,0.35462,0.963,1.383
US912828EN62,13.06.2009,107.640602,0.35462,3.175,5.575
US912828EQ93,13.06.2009,105.015602,2.163461,1.01,1.437
US912828ES59,13.06.2009,104.968803,1.749309,1.086,1.521
US912828EW61,13.06.2009,107.265602,1.466851,3.278,5.702
US912828EX45,13.06.2009,105.625,1.283967,1.176,1.642
US912828FA33,13.06.2009,106.390602,0.960383,1.147,1.722
US912828FD71,13.06.2009,106.703102,0.58288,1.256,1.802
US912828FF20,13.06.2009,110.609398,0.403872,3.392,5.852
US912828FH85,13.06.2009,106.945297,0.173156,1.283,1.885
US912828FK15,13.06.2009,107.617203,2.321823,1.34,1.918
US912828FN53,13.06.2009,107.343201,1.791091,1.369,2.008
US912828FQ84,13.06.2009,109.046898,1.589088,3.44,6.001
US912828FS41,13.06.2009,106.906197,1.319633,1.444,2.094
US912828FU96,13.06.2009,106.812302,0.909836,1.473,2.179
US912828FW52,13.06.2009,107.257202,0.552989,1.509,2.258
US912828FY19,13.06.2009,107.4375,0.36447,3.479,6.28
US912828GA24,13.06.2009,107.218803,0.159836,1.505,2.344
US912828GC89,13.06.2009,107.640602,2.095304,1.553,2.372
US912828GF11,13.06.2009,108.046898,1.745166,1.615,2.453
US912828GH76,13.06.2009,107.484398,1.507597,3.504,6.393
US912828GK06,13.06.2009,107.827301,1.319633,1.663,2.537
US912828GM61,13.06.2009,107.546898,0.909836,1.725,2.622
US912828GQ75,13.06.2009,107.671898,0.538043,1.756,2.704
US912828GS32,13.06.2009,106.546898,0.35462,3.544,6.655
US912828GU87,13.06.2009,108.406197,0.168716,1.824,2.778
US912828GW44,13.06.2009,108.875,2.208564,1.865,2.794
US912828GZ74,13.06.2009,108.234398,1.69924,1.904,2.888
US912828HA15,13.06.2009,108.031197,1.548343,3.606,6.71
US912828HC70,13.06.2009,106.718803,1.17697,1.958,2.989
US912828HE37,13.06.2009,107.265602,0.85929,1.963,3.066
US912828HG84,13.06.2009,106.1875,0.463315,1.973,3.163
US912828HH67,13.06.2009,104.578102,0.334918,3.614,7.05
US912828HK96,13.06.2009,104.5625,0.119877,2.005,3.267
US912828HM52,13.06.2009,105.375,1.642265,2.046,3.281
US912828HQ66,13.06.2009,102.75,1.056285,2.085,3.408
US912828HR40,13.06.2009,98.75,1.140884,3.669,7.328
US912828HT06,13.06.2009,102.156197,0.784647,2.143,3.495
US912828HV51,13.06.2009,101.140602,0.505464,2.185,3.591
US912828HY90,13.06.2009,103.374298,0.373641,2.212,3.636
US912828HZ65,13.06.2009,101.1875,0.305367,3.717,7.475
US912828JA96,13.06.2009,102.011299,0.093238,0.531,0.956
US912828JB79,13.06.2009,104.609398,0.124317,2.277,3.696
US912828JC52,13.06.2009,102.375,1.302486,0.596,1.023
US912828JD36,13.06.2009,104.046898,1.529006,2.321,3.724
US912828JF83,13.06.2009,102.367203,1.010359,0.648,1.109
US912828JG66,13.06.2009,103.953102,1.239986,2.365,3.807
US912828JH40,13.06.2009,101.9375,1.303867,3.748,7.547
US912828JJ06,13.06.2009,101.945297,0.677649,0.763,1.193
US912828JK78,13.06.2009,102.781197,0.891644,2.426,3.905
US912828JL51,13.06.2009,101.5,0.404372,0.835,1.278
US912828JM35,13.06.2009,102.625,0.631831,2.477,3.986
US912828JP65,13.06.2009,100.804703,0.179348,0.912,1.363
US912828JQ49,13.06.2009,100.9375,0.328804,2.522,4.094
US912828JR22,13.06.2009,99.8125,0.295516,3.774,7.851
US912828JS05,13.06.2009,100.390602,0.044399,0.981,1.448
US912828JT87,13.06.2009,97.593803,0.071038,2.574,4.233
US912828JU50,13.06.2009,100.531197,0.137908,1.526,2.36
US912828JV34,13.06.2009,99.734398,0.396409,1.048,1.526
US912828JW17,13.06.2009,95.281197,0.679558,2.607,4.321
US912828JY72,13.06.2009,99.632797,0.321478,1.102,1.611
US912828JZ48,13.06.2009,96.046898,0.642956,2.662,4.378
US912828KA77,13.06.2009,98.921898,0.556319,1.565,2.444
US912828KB50,13.06.2009,98.718803,0.463052,1.632,2.526
US912828KC34,13.06.2009,99.25,0.448204,1.663,2.601
US912828KD17,13.06.2009,91.671898,0.896409,3.786,8.26
US912828KE99,13.06.2009,99.515602,0.24966,1.161,1.692
US912828KF64,13.06.2009,96.3125,0.534986,2.713,4.445
US912828KG48,13.06.2009,99.093803,0.336277,1.713,2.681
US912828KH21,13.06.2009,99.4375,0.176913,1.192,1.774
US912828KJ86,13.06.2009,95.5625,0.353825,2.743,4.539
US912828KK59,13.06.2009,98.890602,0.221653,1.777,2.763
US912828KL33,13.06.2009,99.289101,0.10462,1.259,1.856
US912828KN98,13.06.2009,95.890602,0.224185,2.781,4.607
US912828KP47,13.06.2009,98.6875,0.108356,1.838,2.844
US912828KQ20,13.06.2009,94.578102,0.246264,3.785,8.381
US912828KR03,13.06.2009,95.156197,0.313859,3.421,6.197
US912828KS85,13.06.2009,95.578102,0.748981,3.366,6.037
US912828KT68,13.06.2009,93.75,0.480191,3.413,6.161
TW000A881029,13.06.2009,133.468094,3.028767,1.645,7.6
TW000A881037,13.06.2009,131.500107,2.042466,1.673,7.804
TW000A882019,13.06.2009,137.412598,0.82089,1.717,7.922
TW000A891036,13.06.2009,124.463402,4.329452,1.309,4.535
TW000A891044,13.06.2009,125.703499,4.044178,1.135,4.593
TW000A891077,13.06.2009,140.743195,2.5,1.955,8.199
TW000A891093,13.06.2009,126.669098,1.527055,1.283,4.989
TW000A891101,13.06.2009,105.258904,5.70274,0.507,0.952
TW000A892018,13.06.2009,134.814499,0.853082,2.228,8.475
TW000A891119,13.06.2009,122.037003,4.296576,1.37,5.258
TW000A891135,13.06.2009,130.255997,3.107192,2.326,8.773
TW000A891143,13.06.2009,106.952003,2.527397,0.481,1.453
TW000A901017,13.06.2009,107.197098,2.17637,0.524,1.521
TW000A901025,13.06.2009,128.493607,1.643836,2.203,9.142
TW000A901033,13.06.2009,120.513397,1.254452,1.407,5.875
TW000A901041,13.06.2009,123.524803,0.456164,2.337,9.444
TW000A901058,13.06.2009,123.050102,3.287329,2.285,15.511
TW000A901066,13.06.2009,115.539398,3.184932,1.446,6.203
TW000A902015,13.06.2009,116.619102,3.013699,2.415,9.633
TW000A901074,13.06.2009,114.4925,2.272603,1.41,6.447
TW000A901082,13.06.2009,115.689499,2.250685,2.398,9.851
TW000A911032,13.06.2009,120.0597,1.490411,2.392,9.943
TW000A911040,13.06.2009,108.0616,0.963356,0.64,2.618
TW000A911073,13.06.2009,116.797798,3.092466,2.261,10.342
TW000A911081,13.06.2009,108.059998,2.457534,0.726,3.046
TW000A911115,13.06.2009,105.947197,1.219178,0.776,3.348
TW000A921031,13.06.2009,101.863197,0.787671,2.339,11.424
TW000A921049,13.06.2009,103.435501,0.503425,0.933,3.591
TW000A921072,13.06.2009,106.993103,2.011644,1.065,3.977
TW000A921106,13.06.2009,107.896599,1.496575,1.06,4.176
TW000A931030,13.06.2009,109.327499,1.010959,2.246,11.835
TW000A931048,13.06.2009,105.502197,0.657192,1.17,4.452
TW000A931063,13.06.2009,126.186302,0.180479,2.458,17.002
TW000A931089,13.06.2009,107.059502,1.948973,1.23,4.844
TW000A931097,13.06.2009,108.212402,1.70137,2.358,12.226
TW000A941039,13.06.2009,100.540604,0.70274,2.333,12.907
TW000A941047,13.06.2009,105.302299,0.54863,1.288,5.376
TW000A941054,13.06.2009,101.1175,0.191096,2.134,9.584
TW000A941062,13.06.2009,101.772202,1.79726,0.384,1.078
TW000A941070,13.06.2009,102.023499,1.219863,1.286,5.851
TW000A941088,13.06.2009,98.737999,1.145205,2.125,9.992
TW000A951012,13.06.2009,102.157402,0.757534,0.366,1.544
TW000A951020,13.06.2009,94.435204,0.559932,2.279,14.012
TW000A951038,13.06.2009,102.437401,0.354795,1.372,6.364
TW000A951053,13.06.2009,103.419403,1.79726,0.363,2.037
TW000A951061,13.06.2009,103.563698,1.428082,1.354,6.663
TW000A951079,13.06.2009,97.493698,1.251712,2.301,14.183
TW000A961011,13.06.2009,103.563004,0.708904,0.503,2.555
TW000A961029,13.06.2009,95.884003,0.652055,2.285,14.562
TW000A961037,13.06.2009,103.495903,0.457192,1.396,7.17
TW000A961052,13.06.2009,104.181,1.79726,0.634,2.97
TW000A961060,13.06.2009,106.934601,1.724315,1.478,7.407
TW000A962019,13.06.2009,106.339897,1.704452,0.703,3.184
TW000A961078,13.06.2009,110.9076,1.717808,2.269,14.116
TW000A971010,13.06.2009,105.672997,0.963014,0.768,3.436
TW000A971028,13.06.2009,102.657501,0.815068,2.323,14.742
TW000A971036,13.06.2009,106.829803,0.592123,1.535,7.87
TW000A971044,13.06.2009,104.417397,1.79726,0.898,3.88
TW000A971051,13.06.2009,104.492897,2.17911,2.331,14.748
TW000A971069,13.06.2009,104.375504,1.525342,1.613,8.287
TW000A981019,13.06.2009,99.426498,0.342808,1.003,4.477
TW000A981027,13.06.2009,96.621399,0.681164,2.341,15.736
TW000A981035,13.06.2009,97.194298,0.376712,1.69,8.975
TW000A854018,13.06.2009,107.647499,3.061464,0.784,1.048
TW000A843045,13.06.2009,106.957497,3.934066,1.045,0.949
TW000A853051,13.06.2009,108.223396,2.267403,0.714,1.146
TW000A854026,13.06.2009,111.841103,1.66,0.565,1.699
TW000A853069,13.06.2009,108.604103,1.657745,0.564,1.221
TW000A863092,13.06.2009,114.221497,5.718904,0.56,2.006
TW000A863100,13.06.2009,116.056999,2.703288,0.667,2.419
TW000A864033,13.06.2009,116.257004,1.776986,0.873,2.546
TW000A871038,13.06.2009,121.1437,3.315068,0.759,3.165
TW000A872010,13.06.2009,121.977501,2.128425,0.805,3.335
TH062303O303,13.06.2009,120.591003,2.260274,3.481,3.945
TH062303L309,13.06.2009,109.0252,2.054795,2.137,1.613
TH062303P706,13.06.2009,119.0896,3.096986,3.666,4.902
TH0623031406,13.06.2009,119.824501,1.139726,4.248,8.535
TH062303LB04,13.06.2009,106.264702,0.206164,2.721,2.311
TH062303R108,13.06.2009,110.293503,2.2,3.923,6.138
TH062303MB03,13.06.2009,102.5457,0.485959,3.318,3.132
TH0623032B01,13.06.2009,106.511002,0.505479,4.471,9.723
TH062303S304,13.06.2009,99.748398,1.040411,3.906,7.275
TH062303NA86,13.06.2009,102.435303,0.624658,3.39,3.946
TH062303L184,13.06.2009,102.948196,1.645548,1.97,1.501
TH062303O501,13.06.2009,106.185997,0.400685,3.491,4.361
TH062303K806,13.06.2009,103.127197,1.39726,1.549,1.128
TH062303T807,13.06.2009,111.179001,1.808219,4.143,7.766
TH062303OC00,13.06.2009,107.076897,0.136986,3.564,4.79
TH062303TC05,13.06.2009,110.693802,0.14726,4.107,8.102
TH062303M307,13.06.2009,103.695702,1.158904,3.078,2.551
TH062303N701,13.06.2009,107.259804,2.171918,3.338,3.607
TH062303Q704,13.06.2009,110.0186,2.026849,3.785,5.846
TH0623031307,13.06.2009,114.766296,1.186027,4.244,8.649
TH0623036702,13.06.2009,115.573097,2.645342,4.804,10.759
TH0623A3O502,13.06.2009,107.493103,2.186301,3.577,4.247
TH062303T104,13.06.2009,112.962502,2.342466,3.986,7.372
TH062303R504,13.06.2009,107.829399,1.890411,3.85,6.47
TH0623034400,13.06.2009,98.639999,0.80137,4.627,10.613
TH062303N305,13.06.2009,103.4785,1.071233,3.251,3.423
TH0623A3S305,13.06.2009,108.913002,1.291781,3.909,7.021
TH0623038302,13.06.2009,111.289597,1.429151,4.751,11.744
TH0623033303,13.06.2009,110.291801,1.386301,4.486,9.699
TH0623A3L607,13.06.2009,98.721901,-0.019178,2.405,1.961
TH062303M901,13.06.2009,108.983704,1.72137,3.136,2.896
GB0004893086,13.06.2009,95.474998,0.069672,4.57,14.342
GB0030468747,13.06.2009,106.884003,1.331522,2.383,2.534
GB0030880693,13.06.2009,106.031998,1.331522,4.462,10.848
GB0031829509,13.06.2009,110.217003,1.331522,2.882,4.581
GB0032452392,13.06.2009,93.309998,1.131793,4.691,15.283
GB0033280339,13.06.2009,109.517998,1.264946,3.06,5.366
GB00B00NY175,13.06.2009,101.419998,0.077869,4.661,15.866
GB00B0330274,13.06.2009,103.804001,0.077869,0.858,0.968
GB00B058DQ55,13.06.2009,106.114998,1.264946,4.041,8.339
GB00B06YGN05,13.06.2009,93.410004,0.069672,4.594,19.372
GB00B0LNX641,13.06.2009,104.718002,1.131793,1.482,1.662
GB00B0V3WX43,13.06.2009,104.490997,1.065217,3.296,6.21
GB00B128DP45,13.06.2009,93.044998,0.069672,4.643,17.978
GB00B16NNR78,13.06.2009,96.489998,0.069672,4.532,12.578
GB00B1L6WG32,13.06.2009,107.585999,0.086066,2.591,2.77
GB00B1VWPC84,13.06.2009,109.850998,1.331522,3.671,7.052
GB00B1VWPJ53,13.06.2009,97.432999,0.07377,4.652,16.988
GB00B24FF097,13.06.2009,102.147003,0.077869,4.592,13.462
GB00B29WRG55,13.06.2009,105.529999,1.19837,2.925,3.399
GB00B39R3707,13.06.2009,93.040001,0.069672,4.632,18.49
GB00B39R3F84,13.06.2009,104.160004,1.19837,3.98,7.786
GB00B3F2K012,13.06.2009,102.924004,0.053279,2.037,2.382
GB00B3KJDQ49,13.06.2009,97.473,1.153615,4.259,9.737
GB00B3KJDS62,13.06.2009,92.795998,1.155274,4.698,16.198
GB00B3KJDW09,13.06.2009,95.669998,0.519701,3.244,4.415
GB0008931148,13.06.2009,137.619995,2.610497,3.444,6.157
GB0008921883,13.06.2009,119.853996,1.695652,3.026,3.665
GB0008890161,13.06.2009,107.429001,0.32269,1.067,1.398
GB0008881541,13.06.2009,129.317993,0.131148,2.992,5.279
GB0009997999,13.06.2009,138.214005,0.131148,3.963,8.407
GB0002404191,13.06.2009,119.169998,0.098361,4.511,12.145
GB0002215225,13.06.2009,114.806,3.779006,1.722,1.876
