ISIN,Ticker,Maturity,Coupon,Issue Date,Interest Accrues From,First Coupon Date,Redemption,Currency,Frequency,Daycount Convention
AU0000XCLWG7,ACGB,15.6.2011,0.0575,27.8.1998,15.6.1998,15.12.1998,100,AUD,2,ACT/ACT
AU0000XCLWH5,ACGB,15.5.2013,0.065,25.5.2000,15.5.2000,15.11.2000,100,AUD,2,ACT/ACT
AU0000XCLWI3,ACGB,15.4.2015,0.0625,30.5.2002,15.4.2002,15.10.2002,100,AUD,2,ACT/ACT
AU300TB01208,ACGB,15.2.2017,0.06,10.6.2004,15.2.2004,15.8.2004,100,AUD,2,ACT/ACT
AU300TB01216,ACGB,15.8.2010,0.0525,20.1.2005,15.8.2004,15.2.2005,100,AUD,2,ACT/ACT
AU300TB01224,ACGB,15.3.2019,0.0525,19.1.2006,15.9.2005,15.3.2006,100,AUD,2,ACT/ACT
AU3TB0000010,ACGB,15.4.2012,0.0575,14.12.2006,15.10.2006,15.4.2007,100,AUD,2,ACT/ACT
AU0000XCLWM5,ACGB,15.5.2021,0.0575,13.9.2007,15.5.2007,15.11.2007,100,AUD,2,ACT/ACT
AU3TB0000028,ACGB,15.6.2014,0.0625,24.7.2008,15.6.2008,15.12.2008,100,AUD,2,ACT/ACT
AU3TB0000036,ACGB,15.4.2020,0.045,4.5.2009,15.4.2009,15.10.2009,100,AUD,2,ACT/ACT
BE0000295049,BGB,28.9.2010,0.0575,25.1.2000,25.1.2000,28.9.2000,100,EUR,1,ACT/ACT
BE0000296054,BGB,28.9.2011,0.05,23.1.2001,23.1.2001,28.9.2001,100,EUR,1,ACT/ACT
BE0000298076,BGB,28.9.2012,0.05,24.1.2002,24.1.2002,28.9.2002,100,EUR,1,ACT/ACT
BE0000300096,BGB,28.9.2017,0.055,5.6.2002,5.6.2002,28.9.2002,100,EUR,1,ACT/ACT
BE0000301102,BGB,28.9.2013,0.0425,30.1.2003,30.1.2003,28.9.2003,100,EUR,1,ACT/ACT
BE0000303124,BGB,28.9.2014,0.0425,28.1.2004,28.1.2004,28.9.2004,100,EUR,1,ACT/ACT
BE0000304130,BGB,28.3.1935,0.05,19.5.2004,19.5.2004,28.3.2005,100,EUR,1,ACT/ACT
BE0000306150,BGB,28.9.2015,0.0375,16.3.2005,16.3.2005,28.9.2005,100,EUR,1,ACT/ACT
BE0000307166,BGB,28.9.2016,0.0325,24.1.2006,24.1.2006,28.9.2006,100,EUR,1,ACT/ACT
BE0000308172,BGB,28.3.2022,0.04,24.5.2006,24.5.2006,28.3.2007,100,EUR,1,ACT/ACT
BE0000309188,BGB,28.3.2017,0.04,23.1.2007,23.1.2007,28.3.2007,100,EUR,1,ACT/ACT
BE0000310194,BGB,28.3.2013,0.04,2.5.2007,2.5.2007,28.3.2008,100,EUR,1,ACT/ACT
BE0000312216,BGB,28.3.2018,0.04,29.1.2008,29.1.2008,28.3.2008,100,EUR,1,ACT/ACT
BE0000313222,BGB,28.3.2011,0.035,28.2.2008,28.2.2008,28.3.2008,100,EUR,1,ACT/ACT
BE0000314238,BGB,28.3.2014,0.04,24.4.2008,24.4.2008,28.3.2009,100,EUR,1,ACT/ACT
BE0000315243,BGB,28.3.2019,0.04,21.1.2009,21.1.2009,28.3.2009,100,EUR,1,ACT/ACT
BE0000316258,BGB,28.3.2015,0.035,24.3.2009,24.3.2009,28.3.2010,100,EUR,1,ACT/ACT
BE0000262684,BGB,24.12.2012,0.08,24.12.1992,24.12.1992,24.12.1993,100,EUR,1,ACT/ACT
BE0000282880,BGB,28.3.2015,0.08,29.6.1995,28.3.1995,28.3.1996,100,EUR,1,ACT/ACT
BE0000291972,BGB,28.3.2028,0.055,26.2.1998,28.3.1997,28.3.1998,100,EUR,1,ACT/ACT
DE0001137222,BKO,11.6.2010,0.0475,13.6.2008,11.6.2008,11.6.2009,100,EUR,1,ACT/ACT
DE0001137230,BKO,10.9.2010,0.04,12.9.2008,10.9.2008,10.9.2009,100,EUR,1,ACT/ACT
DE0001137248,BKO,10.12.2010,0.0225,12.12.2008,10.12.2008,10.12.2009,100,EUR,1,ACT/ACT
DE0001137255,BKO,11.3.2011,0.0125,13.3.2009,11.3.2009,11.3.2010,100,EUR,1,ACT/ACT
FR0107674006,BTNS,12.7.2010,0.025,21.6.2005,12.7.2004,12.7.2005,100,EUR,1,ACT/ACT
FR0108354806,BTNS,12.1.2011,0.03,24.1.2006,12.1.2006,12.1.2007,100,EUR,1,ACT/ACT
FR0108847049,BTNS,12.7.2011,0.035,20.6.2006,12.7.2005,12.7.2006,100,EUR,1,ACT/ACT
FR0109970386,BTNS,12.1.2012,0.0375,23.1.2007,12.1.2007,12.1.2008,100,EUR,1,ACT/ACT
FR0110979186,BTNS,12.7.2012,0.045,26.6.2007,12.7.2006,12.7.2007,100,EUR,1,ACT/ACT
FR0113087466,BTNS,12.1.2013,0.0375,22.1.2008,12.1.2008,12.1.2009,100,EUR,1,ACT/ACT
FR0113872776,BTNS,12.9.2010,0.0375,20.5.2008,12.9.2007,12.9.2008,100,EUR,1,ACT/ACT
FR0114683842,BTNS,12.7.2013,0.045,22.7.2008,12.7.2008,12.7.2009,100,EUR,1,ACT/ACT
FR0116114978,BTNS,12.1.2014,0.025,27.1.2009,12.1.2009,12.1.2010,100,EUR,1,ACT/ACT
FR0116843519,BTNS,12.9.2011,0.015,26.5.2009,12.9.2008,12.9.2009,100,EUR,1,ACT/ACT
IT0001278511,BTPS,1.11.2029,0.0525,18.11.1998,1.11.1998,1.5.1999,100,EUR,2,ACT/ACT
IT0001444378,BTPS,1.5.1931,0.06,17.3.2000,1.11.1999,1.5.2000,100,EUR,2,ACT/ACT
IT0001448619,BTPS,1.11.2010,0.055,3.4.2000,1.11.1999,1.5.2000,100,EUR,2,ACT/ACT
IT0003080402,BTPS,1.8.2011,0.0525,1.3.2001,1.2.2001,1.8.2001,100,EUR,2,ACT/ACT
IT0003190912,BTPS,1.2.2012,0.05,1.11.2001,1.8.2001,1.2.2002,100,EUR,2,ACT/ACT
IT0003242747,BTPS,1.8.2017,0.0525,14.2.2002,1.2.2002,1.8.2002,100,EUR,2,ACT/ACT
IT0003256820,BTPS,1.2.1933,0.0575,18.3.2002,1.2.2002,1.8.2002,100,EUR,2,ACT/ACT
IT0003357982,BTPS,1.2.2013,0.0475,2.9.2002,1.8.2002,1.2.2003,100,EUR,2,ACT/ACT
IT0003472336,BTPS,1.8.2013,0.0425,2.5.2003,1.2.2003,1.8.2003,100,EUR,2,ACT/ACT
IT0003493258,BTPS,1.2.2019,0.0425,25.6.2003,1.2.2003,1.8.2003,100,EUR,2,ACT/ACT
IT0003535157,BTPS,1.8.1934,0.05,24.9.2003,1.8.2003,1.2.2004,100,EUR,2,ACT/ACT
IT0003618383,BTPS,1.8.2014,0.0425,2.2.2004,1.2.2004,1.8.2004,100,EUR,2,ACT/ACT
IT0003644769,BTPS,1.2.2020,0.045,24.3.2004,1.2.2004,1.8.2004,100,EUR,2,ACT/ACT
IT0003719918,BTPS,1.2.2015,0.0425,1.9.2004,1.8.2004,1.2.2005,100,EUR,2,ACT/ACT
IT0003844534,BTPS,1.8.2015,0.0375,2.5.2005,1.2.2005,1.8.2005,100,EUR,2,ACT/ACT
IT0003872923,BTPS,15.6.2010,0.0275,17.6.2005,15.6.2005,15.12.2005,100,EUR,2,ACT/ACT
IT0003934657,BTPS,1.2.1937,0.04,19.10.2005,1.8.2005,1.2.2006,100,EUR,2,ACT/ACT
IT0004009673,BTPS,1.8.2021,0.0375,1.2.2006,1.2.2006,1.8.2006,100,EUR,2,ACT/ACT
IT0004019581,BTPS,1.8.2016,0.0375,1.3.2006,1.2.2006,1.8.2006,100,EUR,2,ACT/ACT
IT0004026297,BTPS,15.3.2011,0.035,15.3.2006,15.3.2006,15.9.2006,100,EUR,2,ACT/ACT
IT0004112816,BTPS,15.9.2011,0.0375,18.9.2006,15.9.2006,15.3.2007,100,EUR,2,ACT/ACT
IT0004164775,BTPS,1.2.2017,0.04,2.1.2007,1.8.2006,1.2.2007,100,EUR,2,ACT/ACT
IT0004220627,BTPS,15.4.2012,0.04,17.4.2007,15.4.2007,15.10.2007,100,EUR,2,ACT/ACT
IT0004254352,BTPS,1.8.2010,0.045,1.8.2007,1.8.2007,1.2.2008,100,EUR,2,ACT/ACT
IT0004273493,BTPS,1.2.2018,0.045,3.9.2007,1.8.2007,1.2.2008,100,EUR,2,ACT/ACT
IT0004284334,BTPS,15.10.2012,0.0425,15.10.2007,15.10.2007,15.4.2008,100,EUR,2,ACT/ACT
IT0004286966,BTPS,1.8.1939,0.05,23.10.2007,1.8.2007,1.2.2008,100,EUR,2,ACT/ACT
IT0004332521,BTPS,1.2.2011,0.0375,3.3.2008,1.2.2008,1.8.2008,100,EUR,2,ACT/ACT
IT0004356843,BTPS,1.8.2023,0.0475,16.4.2008,1.2.2008,1.8.2008,100,EUR,2,ACT/ACT
IT0004361041,BTPS,1.8.2018,0.045,2.5.2008,1.2.2008,1.8.2008,100,EUR,2,ACT/ACT
IT0004365554,BTPS,15.4.2013,0.0425,16.5.2008,15.4.2008,15.10.2008,100,EUR,2,ACT/ACT
IT0004404973,BTPS,1.9.2011,0.0425,1.9.2008,1.9.2008,1.3.2009,100,EUR,2,ACT/ACT
IT0004423957,BTPS,1.3.2019,0.045,3.11.2008,1.9.2008,1.3.2009,100,EUR,2,ACT/ACT
IT0004448863,BTPS,15.12.2013,0.0375,16.1.2009,15.12.2008,15.6.2009,100,EUR,2,ACT/ACT
IT0004467483,BTPS,1.3.2012,0.03,2.3.2009,1.3.2009,1.9.2009,100,EUR,2,ACT/ACT
IT0004489610,BTPS,1.9.2019,0.0425,4.5.2009,1.3.2009,1.9.2009,100,EUR,2,ACT/ACT
IT0000366655,BTPS,1.11.2023,0.09,18.11.1993,1.11.1993,1.5.1994,99.909,EUR,2,ACT/ACT
IT0001086567,BTPS,1.11.2026,0.0725,3.2.1997,1.11.1996,1.5.1997,99.999,EUR,2,ACT/ACT
IT0001174611,BTPS,1.11.2027,0.065,18.11.1997,1.11.1997,1.5.1998,100,EUR,2,ACT/ACT
CA135087RS50,CAN,1.6.2010,0.095,10.4.1986,10.4.1986,1.6.1986,100,CAD,2,ACT/ACT
CA135087UT96,CAN,1.6.2023,0.08,17.8.1992,17.8.1992,1.12.1992,100,CAD,2,ACT/ACT
CA135087VH40,CAN,1.6.2025,0.09,2.8.1994,2.8.1994,1.12.1994,100,CAD,2,ACT/ACT
CA135087VW17,CAN,1.6.2027,0.08,1.5.1996,1.5.1996,1.6.1996,100,CAD,2,ACT/ACT
CA135087WL43,CAN,1.6.2029,0.0575,2.2.1998,2.2.1998,1.6.1998,100,CAD,2,ACT/ACT
CA135087WX80,CAN,1.6.2010,0.055,3.8.1999,3.8.1999,1.12.1999,100,CAD,2,ACT/ACT
CA135087XB51,CAN,1.6.2011,0.06,1.5.2000,1.5.2000,1.6.2000,100,CAD,2,ACT/ACT
CA135087XG49,CAN,1.6.1933,0.0575,15.10.2001,15.10.2001,1.12.2001,100,CAD,2,ACT/ACT
CA135087XH22,CAN,1.6.2012,0.0525,29.10.2001,29.10.2001,1.12.2001,100,CAD,2,ACT/ACT
CA135087XM17,CAN,1.6.2013,0.0525,4.11.2002,4.11.2002,1.12.2002,100,CAD,2,ACT/ACT
CA135087XS86,CAN,1.6.2014,0.05,20.10.2003,20.10.2003,1.12.2003,100,CAD,2,ACT/ACT
CA135087XW98,CAN,1.6.1937,0.05,19.7.2004,19.7.2004,1.12.2004,100,CAD,2,ACT/ACT
CA135087XX71,CAN,1.6.2015,0.045,18.10.2004,18.10.2004,1.12.2004,100,CAD,2,ACT/ACT
CA135087XY54,CAN,1.9.2010,0.04,22.11.2004,22.11.2004,1.3.2005,100,CAD,2,ACT/ACT
CA135087YB43,CAN,1.6.2016,0.04,7.11.2005,7.11.2005,1.12.2005,100,CAD,2,ACT/ACT
CA135087YC26,CAN,1.9.2011,0.0375,21.11.2005,21.11.2005,1.3.2006,100,CAD,2,ACT/ACT
CA135087YF56,CAN,1.6.2017,0.04,16.10.2006,16.10.2006,1.12.2006,100,CAD,2,ACT/ACT
CA135087YG30,CAN,1.6.2012,0.0375,6.11.2006,6.11.2006,1.12.2006,100,CAD,2,ACT/ACT
CA135087YL25,CAN,1.6.2018,0.0425,29.10.2007,29.10.2007,1.12.2007,100,CAD,2,ACT/ACT
CA135087YM08,CAN,1.6.2010,0.0375,30.11.2007,30.11.2007,1.12.2007,100,CAD,2,ACT/ACT
CA135087YN80,CAN,1.6.2013,0.035,25.2.2008,25.2.2008,1.6.2008,100,CAD,2,ACT/ACT
CA135087YP39,CAN,1.12.2010,0.0275,23.5.2008,23.5.2008,1.6.2008,100,CAD,2,ACT/ACT
CA135087YQ12,CAN,1.6.1941,0.04,9.6.2008,9.6.2008,1.12.2008,100,CAD,2,ACT/ACT
CA135087YR94,CAN,1.6.2019,0.0375,6.10.2008,6.10.2008,1.12.2008,100,CAD,2,ACT/ACT
CA135087YS77,CAN,1.6.2014,0.03,21.10.2008,21.10.2008,1.12.2008,100,CAD,2,ACT/ACT
CA135087YT50,CAN,1.6.2011,0.0125,27.1.2009,27.1.2009,1.6.2009,100,CAD,2,ACT/ACT
CA135087YU24,CAN,1.12.2014,0.02,20.4.2009,20.4.2009,1.6.2009,100,CAD,2,ACT/ACT
CA135087YW89,CAN,1.9.2011,0.01,8.5.2009,8.5.2009,1.9.2009,100,CAD,2,ACT/ACT
CZ0001000749,CZGB,26.1.2016,0.0695,26.1.2001,26.1.2001,26.1.2002,100,CZK,1,ISMA-30/360
CZ0001000764,CZGB,5.10.2011,0.0655,5.10.2001,5.10.2001,5.10.2002,100,CZK,1,ISMA-30/360
CZ0001000814,CZGB,16.6.2013,0.037,16.6.2003,16.6.2003,16.6.2004,100,CZK,1,ISMA-30/360
CZ0001000822,CZGB,18.8.2018,0.046,18.8.2003,18.8.2003,18.8.2004,100,CZK,1,ISMA-30/360
CZ0001001143,CZGB,11.4.2015,0.038,11.4.2005,11.4.2005,11.4.2006,100,CZK,1,ISMA-30/360
CZ0001001242,CZGB,18.10.2010,0.0255,18.7.2005,18.7.2005,18.10.2006,100,CZK,1,ISMA-30/360
CZ0001001317,CZGB,12.9.2020,0.0375,12.9.2005,12.9.2005,12.9.2006,100,CZK,1,ISMA-30/360
CZ0001001796,CZGB,4.12.1936,0.042,4.12.2006,4.12.2006,4.12.2007,100,CZK,1,ISMA-30/360
CZ0001001887,CZGB,18.10.2012,0.0355,16.4.2007,16.4.2007,18.10.2008,100,CZK,1,ISMA-30/360
CZ0001001903,CZGB,11.4.2017,0.04,30.4.2007,30.4.2007,11.4.2008,100,CZK,1,ISMA-30/360
CZ0001001945,CZGB,12.9.2022,0.047,18.6.2007,18.6.2007,12.9.2008,100,CZK,1,ISMA-30/360
CZ0001002158,CZGB,11.4.2011,0.041,28.1.2008,28.1.2008,11.4.2009,100,CZK,1,ISMA-30/360
CZ0001002471,CZGB,11.4.2019,0.05,23.3.2009,23.3.2009,11.4.2010,100,CZK,1,ISMA-30/360
DE0001135085,DBR,4.7.2028,0.0475,9.10.1998,4.7.1998,4.7.1999,100,EUR,1,ACT/ACT
DE0001135143,DBR,4.1.1930,0.0625,21.1.2000,4.1.2000,4.1.2001,100,EUR,1,ACT/ACT
DE0001135150,DBR,4.7.2010,0.0525,5.5.2000,5.5.2000,4.7.2001,100,EUR,1,ACT/ACT
DE0001135168,DBR,4.1.2011,0.0525,20.10.2000,20.10.2000,4.1.2002,100,EUR,1,ACT/ACT
DE0001135176,DBR,4.1.1931,0.055,27.10.2000,27.10.2000,4.1.2002,100,EUR,1,ACT/ACT
DE0001135184,DBR,4.7.2011,0.05,25.5.2001,25.5.2001,4.7.2002,100,EUR,1,ACT/ACT
DE0001135192,DBR,4.1.2012,0.05,4.1.2002,4.1.2002,4.1.2003,100,EUR,1,ACT/ACT
DE0001135200,DBR,4.7.2012,0.05,5.7.2002,4.7.2002,4.7.2003,100,EUR,1,ACT/ACT
DE0001135218,DBR,4.1.2013,0.045,10.1.2003,4.1.2003,4.1.2004,100,EUR,1,ACT/ACT
DE0001135226,DBR,4.7.1934,0.0475,31.1.2003,31.1.2003,4.7.2004,100,EUR,1,ACT/ACT
DE0001135234,DBR,4.7.2013,0.0375,4.7.2003,4.7.2003,4.7.2004,100,EUR,1,ACT/ACT
DE0001135242,DBR,4.1.2014,0.0425,31.10.2003,31.10.2003,4.1.2005,100,EUR,1,ACT/ACT
DE0001135259,DBR,4.7.2014,0.0425,28.5.2004,28.5.2004,4.7.2005,100,EUR,1,ACT/ACT
DE0001135267,DBR,4.1.2015,0.0375,26.11.2004,26.11.2004,4.1.2006,100,EUR,1,ACT/ACT
DE0001135275,DBR,4.1.1937,0.04,28.1.2005,4.1.2005,4.1.2006,100,EUR,1,ACT/ACT
DE0001135283,DBR,4.7.2015,0.0325,20.5.2005,20.5.2005,4.7.2006,100,EUR,1,ACT/ACT
DE0001135291,DBR,4.1.2016,0.035,25.11.2005,25.11.2005,4.1.2007,100,EUR,1,ACT/ACT
DE0001135309,DBR,4.7.2016,0.04,19.5.2006,19.5.2006,4.7.2007,100,EUR,1,ACT/ACT
DE0001135317,DBR,4.1.2017,0.0375,17.11.2006,17.11.2006,4.1.2008,100,EUR,1,ACT/ACT
DE0001135325,DBR,4.7.1939,0.0425,26.1.2007,26.1.2007,4.7.2008,100,EUR,1,ACT/ACT
DE0001135333,DBR,4.7.2017,0.0425,25.5.2007,25.5.2007,4.7.2008,100,EUR,1,ACT/ACT
DE0001135341,DBR,4.1.2018,0.04,16.11.2007,16.11.2007,4.1.2009,100,EUR,1,ACT/ACT
DE0001135358,DBR,4.7.2018,0.0425,30.5.2008,30.5.2008,4.7.2009,100,EUR,1,ACT/ACT
DE0001135366,DBR,4.7.1940,0.0475,25.7.2008,4.7.2008,4.7.2009,100,EUR,1,ACT/ACT
DE0001135374,DBR,4.1.2019,0.0375,14.11.2008,14.11.2008,4.1.2010,100,EUR,1,ACT/ACT
DE0001135382,DBR,4.7.2019,0.035,22.5.2009,22.5.2009,4.7.2010,100,EUR,1,ACT/ACT
DE0001134922,DBR,4.1.2024,0.0625,4.1.1994,4.1.1994,4.1.1995,100,EUR,1,ACT/ACT
DE0001135044,DBR,4.7.2027,0.065,4.7.1997,4.7.1997,4.7.1998,100,EUR,1,ACT/ACT
DE0001135069,DBR,4.1.2028,0.05625,23.1.1998,4.1.1998,4.1.1999,100,EUR,1,ACT/ACT
DE0001134468,DBR,20.6.2016,0.06,20.6.1986,20.6.1986,20.6.1987,100,EUR,1,ACT/ACT
DK0009919961,DGB,15.11.2011,0.06,4.5.2000,15.11.1999,15.11.2000,100,DKK,1,ACT/ACT
DK0009920894,DGB,15.11.2013,0.05,19.2.2002,15.11.2001,15.11.2002,100,DKK,1,ACT/ACT
DK0009921439,DGB,15.11.2015,0.04,12.2.2004,15.11.2003,15.11.2004,100,DKK,1,ACT/ACT
DK0009921785,DGB,15.11.2010,0.04,20.4.2004,15.11.2003,15.11.2004,100,DKK,1,ACT/ACT
DK0009921942,DGB,15.11.2017,0.04,31.1.2006,15.11.2005,15.11.2006,100,DKK,1,ACT/ACT
DK0009922320,DGB,15.11.1939,0.045,14.11.2008,15.11.2007,15.11.2008,100,DKK,1,ACT/ACT
DK0009922403,DGB,15.11.2019,0.04,23.1.2009,15.11.2008,15.11.2009,100,DKK,1,ACT/ACT
DK0009918138,DGB,10.11.2024,0.07,6.4.1994,10.11.1993,10.11.1994,100,DKK,1,ACT/ACT
FR0000187023,FRTR,25.10.2010,0.055,12.9.2000,25.10.1999,25.10.2000,100,EUR,1,ACT/ACT
FR0000187361,FRTR,25.10.2016,0.05,6.2.2001,25.10.2000,25.10.2001,100,EUR,1,ACT/ACT
FR0000187635,FRTR,25.10.1932,0.0575,12.6.2001,25.10.2000,25.10.2001,100,EUR,1,ACT/ACT
FR0000187874,FRTR,25.10.2011,0.05,11.9.2001,25.10.2000,25.10.2001,100,EUR,1,ACT/ACT
FR0000188328,FRTR,25.4.2012,0.05,12.3.2002,25.4.2001,25.4.2002,100,EUR,1,ACT/ACT
FR0000188690,FRTR,25.10.2012,0.0475,10.9.2002,25.10.2001,25.10.2002,100,EUR,1,ACT/ACT
FR0000188989,FRTR,25.4.2013,0.04,11.3.2003,25.4.2002,25.4.2003,100,EUR,1,ACT/ACT
FR0000189151,FRTR,25.4.2019,0.0425,10.6.2003,25.4.2003,25.4.2004,100,EUR,1,ACT/ACT
FR0010011130,FRTR,25.10.2013,0.04,9.9.2003,25.10.2002,25.10.2003,100,EUR,1,ACT/ACT
FR0010061242,FRTR,25.4.2014,0.04,9.3.2004,25.4.2003,25.4.2004,100,EUR,1,ACT/ACT
FR0010070060,FRTR,25.4.1935,0.0475,6.4.2004,25.4.2003,25.4.2004,100,EUR,1,ACT/ACT
FR0010112052,FRTR,25.10.2014,0.04,7.9.2004,25.10.2003,25.10.2004,100,EUR,1,ACT/ACT
FR0010163543,FRTR,25.4.2015,0.035,8.2.2005,25.4.2004,25.4.2005,100,EUR,1,ACT/ACT
FR0010171975,FRTR,25.4.1955,0.04,28.2.2005,25.4.2004,25.4.2005,100,EUR,1,ACT/ACT
FR0010192997,FRTR,25.4.2021,0.0375,10.5.2005,25.4.2005,25.4.2006,100,EUR,1,ACT/ACT
FR0010216481,FRTR,25.10.2015,0.03,12.7.2005,25.10.2004,25.10.2005,100,EUR,1,ACT/ACT
FR0010288357,FRTR,25.4.2016,0.0325,7.2.2006,25.4.2005,25.4.2006,100,EUR,1,ACT/ACT
FR0010371401,FRTR,25.10.1938,0.04,12.9.2006,25.10.2005,25.10.2006,100,EUR,1,ACT/ACT
FR0010415331,FRTR,25.4.2017,0.0375,9.1.2007,25.4.2006,25.4.2007,100,EUR,1,ACT/ACT
FR0010466938,FRTR,25.10.2023,0.0425,9.5.2007,25.10.2006,25.10.2007,100,EUR,1,ACT/ACT
FR0010517417,FRTR,25.10.2017,0.0425,11.9.2007,25.10.2006,25.10.2007,100,EUR,1,ACT/ACT
FR0010604983,FRTR,25.4.2018,0.04,8.4.2008,25.4.2007,25.4.2008,100,EUR,1,ACT/ACT
FR0010670737,FRTR,25.10.2018,0.0425,7.10.2008,25.10.2007,25.10.2008,100,EUR,1,ACT/ACT
FR0000570921,FRTR,25.10.2019,0.085,25.1.1989,25.10.1988,25.10.1989,100,EUR,1,ACT/ACT
FR0000571085,FRTR,25.4.2023,0.085,27.1.1992,27.1.1992,25.4.1992,100,EUR,1,ACT/ACT
FR0000571044,FRTR,25.4.2022,0.0825,12.2.1992,12.2.1992,25.4.1992,100,EUR,1,ACT/ACT
FR0000571150,FRTR,25.10.2025,0.06,25.2.1994,25.10.1993,25.10.1994,100,EUR,1,ACT/ACT
FR0000570731,FRTR,25.4.2011,0.065,26.2.1996,25.4.1995,25.4.1996,100,EUR,1,ACT/ACT
FR0000571218,FRTR,25.4.2029,0.055,12.3.1998,25.4.1997,25.4.1998,100,EUR,1,ACT/ACT
FR0000570780,FRTR,26.12.2012,0.085,25.2.1987,26.1.1987,26.12.1987,100,EUR,1,ACT/ACT
GR0128001584,GGB,20.5.2013,0.075,20.5.1998,20.5.1998,20.5.1999,100,EUR,1,ISMA-30/360
GR0128002590,GGB,11.1.2014,0.065,11.1.1999,11.1.1999,11.1.2000,100,EUR,1,ISMA-30/360
GR0133001140,GGB,22.10.2019,0.065,14.1.2000,22.10.1999,22.10.2000,100,EUR,1,ISMA-30/360
GR0124015497,GGB,18.5.2011,0.0535,30.1.2001,30.1.2001,18.5.2002,100,EUR,1,ACT/ACT
GR0124018525,GGB,18.5.2012,0.0525,17.1.2002,17.1.2002,18.5.2003,100,EUR,1,ACT/ACT
GR0133002155,GGB,22.10.2022,0.059,24.4.2002,24.4.2002,22.10.2002,100,EUR,1,ACT/ACT
GR0124021552,GGB,20.5.2013,0.046,17.1.2003,17.1.2003,20.5.2004,100,EUR,1,ACT/ACT
GR0124024580,GGB,20.5.2014,0.045,13.1.2004,13.1.2004,20.5.2005,100,EUR,1,ACT/ACT
GR0124026601,GGB,20.7.2015,0.037,22.2.2005,22.2.2005,20.7.2006,100,EUR,1,ACT/ACT
GR0138001673,GGB,20.9.1937,0.045,7.3.2005,7.3.2005,20.9.2005,100,EUR,1,ACT/ACT
GR0124028623,GGB,20.7.2016,0.036,18.1.2006,18.1.2006,20.7.2007,100,EUR,1,ACT/ACT
GR0114019442,GGB,20.8.2011,0.039,24.5.2006,24.5.2006,20.8.2007,100,EUR,1,ACT/ACT
GR0124029639,GGB,20.7.2017,0.043,17.1.2007,17.1.2007,20.7.2008,100,EUR,1,ACT/ACT
GR0138002689,GGB,20.9.1940,0.046,6.2.2007,6.2.2007,20.9.2008,100,EUR,1,ACT/ACT
GR0114020457,GGB,20.8.2012,0.041,2.3.2007,2.3.2007,20.8.2008,100,EUR,1,ACT/ACT
GR0133003161,GGB,20.3.2024,0.047,30.5.2007,30.5.2007,20.3.2008,100,EUR,1,ACT/ACT
GR0110019214,GGB,20.3.2011,0.038,1.2.2008,1.2.2008,20.3.2009,100,EUR,1,ACT/ACT
GR0114021463,GGB,20.8.2013,0.04,26.3.2008,26.3.2008,20.8.2009,100,EUR,1,ACT/ACT
GR0124030645,GGB,20.7.2018,0.046,13.5.2008,13.5.2008,20.7.2009,100,EUR,1,ACT/ACT
GR0110020220,GGB,19.12.2011,0.044,19.12.2008,19.12.2008,19.12.2009,100,EUR,1,ACT/ACT
GR0114022479,GGB,20.8.2014,0.055,28.1.2009,28.1.2009,20.8.2010,100,EUR,1,ACT/ACT
GR0110021236,GGB,20.3.2012,0.043,17.2.2009,17.2.2009,20.3.2010,100,EUR,1,ACT/ACT
GR0124031650,GGB,19.7.2019,0.06,11.3.2009,11.3.2009,19.7.2010,100,EUR,1,ACT/ACT
XS0191352847,GREECE,17.7.1934,0.052,30.4.2004,30.4.2004,17.7.2005,100,EUR,1,ACT/ACT
HU0000401922,HGB,12.2.2011,0.075,31.8.2000,31.8.2000,12.2.2001,100,HUF,2,ACT/ACT
HU0000402037,HGB,24.11.2017,0.0675,15.11.2001,15.11.2001,24.11.2002,100,HUF,1,ACT/ACT
HU0000402045,HGB,12.2.2013,0.0675,17.1.2002,17.1.2002,12.2.2003,100,HUF,1,ACT/ACT
HU0000402193,HGB,12.2.2014,0.055,19.6.2003,19.6.2003,12.2.2004,100,HUF,1,ACT/ACT
HU0000402235,HGB,12.11.2020,0.075,11.2.2004,11.2.2004,12.11.2004,100,HUF,1,ACT/ACT
HU0000402268,HGB,12.2.2015,0.08,14.7.2004,14.7.2004,12.2.2005,100,HUF,1,ACT/ACT
HU0000402292,HGB,12.10.2010,0.0675,20.4.2005,20.4.2005,12.10.2005,100,HUF,1,ACT/ACT
HU0000402318,HGB,12.2.2016,0.055,5.10.2005,5.10.2005,12.2.2006,100,HUF,1,ACT/ACT
HU0000402334,HGB,12.10.2011,0.06,25.1.2006,25.1.2006,12.10.2006,100,HUF,1,ACT/ACT
HU0000402367,HGB,12.6.2012,0.0725,4.10.2006,4.10.2006,12.6.2007,100,HUF,1,ACT/ACT
HU0000402375,HGB,24.2.2017,0.0675,4.10.2006,4.10.2006,24.2.2007,100,HUF,1,ACT/ACT
HU0000402383,HGB,24.11.2023,0.06,10.1.2007,10.1.2007,24.11.2007,100,HUF,1,ACT/ACT
HU0000402409,HGB,24.8.2010,0.0625,27.6.2007,27.6.2007,24.8.2008,100,HUF,1,ACT/ACT
HU0000402417,HGB,24.10.2012,0.06,8.8.2007,8.8.2007,24.10.2007,100,HUF,1,ACT/ACT
HU0000402425,HGB,22.4.2011,0.0675,9.1.2008,9.1.2008,22.4.2008,100,HUF,1,ACT/ACT
HU0000402433,HGB,24.6.2019,0.065,6.2.2008,6.2.2008,24.6.2008,100,HUF,1,ACT/ACT
IL0010994569,ILGOV,30.10.2026,0.0625,8.11.2006,7.11.2006,31.10.2007,100,ILS,1,ACT/365
IL0011015752,ILGOV,28.2.2017,0.055,28.2.2007,28.2.2007,29.2.2008,100,ILS,1,ACT/365
IL0011077885,ILGOV,31.3.2013,0.05,14.11.2007,13.11.2007,31.3.2008,100,ILS,1,ACT/365
IL0011109076,ILGOV,28.2.2019,0.06,11.6.2008,11.6.2008,27.2.2009,100,ILS,1,ACT/365
IL0011128878,ILGOV,30.3.2012,0.04,2.12.2008,2.12.2008,31.3.2009,100,ILS,1,ACT/365
IE0006857530,IRISH,18.4.2016,0.046,14.5.1999,14.5.1999,18.4.2000,100,EUR,1,ACT/ACT
IE0031256328,IRISH,18.4.2013,0.05,31.1.2002,31.1.2002,18.4.2002,100,EUR,1,ACT/ACT
IE0034074488,IRISH,18.4.2020,0.045,23.1.2004,23.1.2004,18.4.2004,100,EUR,1,ACT/ACT
IE00B28HXX02,IRISH,18.10.2018,0.045,23.10.2007,23.10.2007,18.10.2008,100,EUR,1,ACT/ACT
IE00B2QTFG59,IRISH,18.6.2019,0.044,15.4.2008,15.4.2008,18.6.2008,100,EUR,1,ACT/ACT
IE00B3FCJN73,IRISH,11.11.2011,0.04,11.11.2008,11.11.2008,11.11.2009,100,EUR,1,ACT/ACT
IE00B3KWYS29,IRISH,15.1.2014,0.04,15.1.2009,15.1.2009,15.1.2010,100,EUR,1,ACT/ACT
IE00B5S94L21,IRISH,5.3.2012,0.039,4.3.2009,4.3.2009,5.3.2010,100,EUR,1,ACT/ACT
XS0133144898,ITALY,25.7.2016,0.0575,25.7.2001,25.7.2001,25.7.2002,100,EUR,1,ACT/ACT
IT0003621445,ITALY,31.7.2014,0.045,6.2.2004,6.2.2004,31.7.2004,100,EUR,1,ACT/ACT
IT0003621460,ITALY,31.7.2024,0.05125,6.2.2004,6.2.2004,31.7.2004,100,EUR,1,ACT/ACT
IT0003685093,ITALY,31.7.1934,0.052,6.7.2004,6.7.2004,31.7.2005,100,EUR,1,ACT/ACT
XS0030553530,ITALY,7.3.2011,0.0925,7.3.1991,7.3.1991,7.3.1992,100,EUR,1,ISMA-30/360
JP1200401V00,JGB,20.9.2018,0.023,21.7.1998,21.7.1998,20.3.1999,100,JPY,2,NL/365
JP1200411V08,JGB,20.3.2019,0.015,26.10.1998,26.10.1998,20.3.1999,100,JPY,2,NL/365
JP1200421W05,JGB,20.3.2019,0.026,29.1.1999,29.1.1999,20.9.1999,100,JPY,2,NL/365
JP1200431W03,JGB,20.9.2019,0.029,21.7.1999,21.7.1999,20.3.2000,100,JPY,2,NL/365
JP1200441W01,JGB,20.3.2020,0.025,20.10.1999,20.10.1999,20.3.2000,100,JPY,2,NL/365
JP1200451001,JGB,20.3.2020,0.024,31.1.2000,31.1.2000,20.9.2000,100,JPY,2,NL/365
JP1300021001,JGB,20.2.1930,0.024,21.2.2000,21.2.2000,20.8.2000,100,JPY,2,NL/365
JP1102211008,JGB,21.6.2010,0.019,20.4.2000,20.4.2000,20.12.2000,100,JPY,2,NL/365
JP1200461000,JGB,22.6.2020,0.022,20.4.2000,20.4.2000,20.12.2000,100,JPY,2,NL/365
JP1102221007,JGB,21.6.2010,0.018,22.5.2000,22.5.2000,20.12.2000,100,JPY,2,NL/365
JP1300031000,JGB,20.5.1930,0.023,25.5.2000,25.5.2000,20.11.2000,100,JPY,2,NL/365
JP1102231006,JGB,20.9.2010,0.017,21.7.2000,21.7.2000,20.3.2001,100,JPY,2,NL/365
JP1200471009,JGB,21.9.2020,0.022,21.7.2000,21.7.2000,20.3.2001,100,JPY,2,NL/365
JP1102241005,JGB,20.9.2010,0.018,20.9.2000,20.9.2000,20.3.2001,100,JPY,2,NL/365
JP1102251004,JGB,20.12.2010,0.019,20.10.2000,20.10.2000,20.6.2001,100,JPY,2,NL/365
JP1200481008,JGB,21.12.2020,0.025,20.10.2000,20.10.2000,20.6.2001,100,JPY,2,NL/365
JP1300041009,JGB,20.11.1930,0.029,20.11.2000,20.11.2000,20.5.2001,100,JPY,2,NL/365
JP1102261003,JGB,20.12.2010,0.018,20.12.2000,20.12.2000,20.6.2001,100,JPY,2,NL/365
JP1102271101,JGB,21.3.2011,0.016,25.1.2001,25.1.2001,20.9.2001,100,JPY,2,NL/365
JP1200491106,JGB,22.3.2021,0.021,25.1.2001,25.1.2001,20.9.2001,100,JPY,2,NL/365
JP1102281100,JGB,21.3.2011,0.015,20.2.2001,20.2.2001,20.9.2001,100,JPY,2,NL/365
JP1102291133,JGB,21.3.2011,0.014,21.3.2001,20.3.2001,20.9.2001,100,JPY,2,NL/365
JP1102301148,JGB,21.3.2011,0.011,20.4.2001,20.3.2001,20.9.2001,100,JPY,2,NL/365
JP1200501144,JGB,22.3.2021,0.019,20.4.2001,20.3.2001,20.9.2001,100,JPY,2,NL/365
JP1300051156,JGB,20.5.1931,0.022,25.5.2001,20.5.2001,20.11.2001,100,JPY,2,NL/365
JP1102311162,JGB,20.6.2011,0.013,20.6.2001,20.6.2001,20.12.2001,100,JPY,2,NL/365
JP1102321179,JGB,20.6.2011,0.012,23.7.2001,20.6.2001,20.12.2001,100,JPY,2,NL/365
JP1102331186,JGB,20.6.2011,0.014,20.8.2001,20.6.2001,20.12.2001,100,JPY,2,NL/365
JP1200511184,JGB,21.6.2021,0.02,20.8.2001,20.6.2001,20.12.2001,100,JPY,2,NL/365
JP1102341193,JGB,20.9.2011,0.014,20.9.2001,20.9.2001,20.3.2002,100,JPY,2,NL/365
JP12005211A9,JGB,21.9.2021,0.021,22.10.2001,20.9.2001,20.3.2002,100,JPY,2,NL/365
JP13000611B1,JGB,20.11.1931,0.024,20.11.2001,20.11.2001,20.5.2002,100,JPY,2,NL/365
JP11023511C8,JGB,20.12.2011,0.014,20.12.2001,20.12.2001,20.6.2002,100,JPY,2,NL/365
JP12005311C3,JGB,20.12.2021,0.021,20.12.2001,20.12.2001,20.6.2002,100,JPY,2,NL/365
JP1102361225,JGB,20.12.2011,0.015,20.2.2002,20.12.2001,20.6.2002,100,JPY,2,NL/365
JP1200541223,JGB,20.12.2021,0.022,20.2.2002,20.12.2001,20.6.2002,100,JPY,2,NL/365
JP1102371232,JGB,20.3.2012,0.015,20.3.2002,20.3.2002,20.9.2002,100,JPY,2,NL/365
JP1200551248,JGB,21.3.2022,0.02,22.4.2002,20.3.2002,20.9.2002,100,JPY,2,NL/365
JP1102381256,JGB,20.3.2012,0.014,20.5.2002,20.3.2002,20.9.2002,100,JPY,2,NL/365
JP1300071253,JGB,20.5.1932,0.023,20.5.2002,20.5.2002,20.11.2002,100,JPY,2,NL/365
JP1102391263,JGB,20.6.2012,0.014,20.6.2002,20.6.2002,20.12.2002,100,JPY,2,NL/365
JP1200561262,JGB,20.6.2022,0.02,20.6.2002,20.6.2002,20.12.2002,100,JPY,2,NL/365
JP1102401278,JGB,20.6.2012,0.013,22.7.2002,20.6.2002,20.12.2002,100,JPY,2,NL/365
JP1200571287,JGB,20.6.2022,0.019,20.8.2002,20.6.2002,20.12.2002,100,JPY,2,NL/365
JP1102411293,JGB,20.9.2012,0.013,20.9.2002,20.9.2002,20.3.2003,100,JPY,2,NL/365
JP11024212A6,JGB,20.9.2012,0.012,21.10.2002,20.9.2002,20.3.2003,100,JPY,2,NL/365
JP12005812A4,JGB,20.9.2022,0.019,21.10.2002,20.9.2002,20.3.2003,100,JPY,2,NL/365
JP11024312B2,JGB,20.9.2012,0.011,20.11.2002,20.9.2002,20.3.2003,100,JPY,2,NL/365
JP13000812B5,JGB,22.11.1932,0.018,20.11.2002,20.11.2002,20.5.2003,100,JPY,2,NL/365
JP11024412C8,JGB,20.12.2012,0.01,20.12.2002,20.12.2002,20.6.2003,100,JPY,2,NL/365
JP12005912C8,JGB,20.12.2022,0.017,20.12.2002,20.12.2002,20.6.2003,100,JPY,2,NL/365
JP1102451315,JGB,20.12.2012,0.009,30.1.2003,20.12.2002,20.6.2003,100,JPY,2,NL/365
JP1300091319,JGB,20.12.1932,0.014,30.1.2003,20.12.2002,20.6.2003,100,JPY,2,NL/365
JP1102461322,JGB,20.12.2012,0.008,20.2.2003,20.12.2002,20.6.2003,100,JPY,2,NL/365
JP1200601324,JGB,20.12.2022,0.014,25.2.2003,20.12.2002,20.6.2003,100,JPY,2,NL/365
JP1102471339,JGB,20.3.2013,0.008,20.3.2003,20.3.2003,20.9.2003,100,JPY,2,NL/365
JP1102481346,JGB,20.3.2013,0.007,21.4.2003,20.3.2003,20.9.2003,100,JPY,2,NL/365
JP1200611349,JGB,20.3.2023,0.01,25.4.2003,20.3.2003,20.9.2003,100,JPY,2,NL/365
JP1102491352,JGB,20.3.2013,0.006,26.5.2003,20.3.2003,20.9.2003,100,JPY,2,NL/365
JP1300101357,JGB,20.3.1933,0.011,26.5.2003,20.3.2003,20.9.2003,100,JPY,2,NL/365
JP1102501366,JGB,20.6.2013,0.005,20.6.2003,20.6.2003,20.12.2003,100,JPY,2,NL/365
JP1200621363,JGB,20.6.2023,0.008,20.6.2003,20.6.2003,20.12.2003,100,JPY,2,NL/365
JP1102511373,JGB,20.6.2013,0.009,22.7.2003,20.6.2003,20.12.2003,100,JPY,2,NL/365
JP1300111372,JGB,20.6.1933,0.017,30.7.2003,20.6.2003,20.12.2003,100,JPY,2,NL/365
JP1102521380,JGB,20.6.2013,0.01,20.8.2003,20.6.2003,20.12.2003,100,JPY,2,NL/365
JP1200631388,JGB,20.6.2023,0.018,25.8.2003,20.6.2003,20.12.2003,100,JPY,2,NL/365
JP1102531397,JGB,20.9.2013,0.016,22.9.2003,20.9.2003,20.3.2004,100,JPY,2,NL/365
JP11025413A9,JGB,20.9.2013,0.014,20.10.2003,20.9.2003,20.3.2004,100,JPY,2,NL/365
JP12006413A0,JGB,20.9.2023,0.019,27.10.2003,20.9.2003,20.3.2004,100,JPY,2,NL/365
JP11025513B4,JGB,20.9.2013,0.015,20.11.2003,20.9.2003,20.3.2004,100,JPY,2,NL/365
JP13001213B5,JGB,20.9.1933,0.021,20.11.2003,20.9.2003,20.3.2004,100,JPY,2,NL/365
JP11025613C0,JGB,20.12.2013,0.014,22.12.2003,20.12.2003,20.6.2004,100,JPY,2,NL/365
JP12006513C3,JGB,20.12.2023,0.019,25.12.2003,20.12.2003,20.6.2004,100,JPY,2,NL/365
JP1102571427,JGB,20.12.2013,0.013,20.2.2004,20.12.2003,20.6.2004,100,JPY,2,NL/365
JP1200661427,JGB,20.12.2023,0.018,25.2.2004,20.12.2003,20.6.2004,100,JPY,2,NL/365
JP1300131420,JGB,20.12.1933,0.02,27.2.2004,20.12.2003,20.6.2004,100,JPY,2,NL/365
JP1102581434,JGB,20.3.2014,0.013,22.3.2004,20.3.2004,20.9.2004,100,JPY,2,NL/365
JP1200671434,JGB,20.3.2024,0.019,25.3.2004,20.3.2004,20.9.2004,100,JPY,2,NL/365
JP1102591441,JGB,20.3.2014,0.015,20.4.2004,20.3.2004,20.9.2004,100,JPY,2,NL/365
JP1300141445,JGB,20.3.1934,0.024,20.4.2004,20.3.2004,20.9.2004,100,JPY,2,NL/365
JP1200681441,JGB,20.3.2024,0.022,30.4.2004,20.3.2004,20.9.2004,100,JPY,2,NL/365
JP1200691457,JGB,20.3.2024,0.021,31.5.2004,20.3.2004,20.9.2004,100,JPY,2,NL/365
JP1102601463,JGB,20.6.2014,0.016,21.6.2004,20.6.2004,20.12.2004,100,JPY,2,NL/365
JP1200701462,JGB,20.6.2024,0.024,25.6.2004,20.6.2004,20.12.2004,100,JPY,2,NL/365
JP1102611470,JGB,20.6.2014,0.018,26.7.2004,20.6.2004,20.12.2004,100,JPY,2,NL/365
JP1102621487,JGB,20.6.2014,0.019,20.8.2004,20.6.2004,20.12.2004,100,JPY,2,NL/365
JP1300151485,JGB,20.6.1934,0.025,20.8.2004,20.6.2004,20.12.2004,100,JPY,2,NL/365
JP1200711487,JGB,20.6.2024,0.022,30.8.2004,20.6.2004,20.12.2004,100,JPY,2,NL/365
JP1102631494,JGB,20.9.2014,0.016,21.9.2004,20.9.2004,20.3.2005,100,JPY,2,NL/365
JP1200721494,JGB,20.9.2024,0.021,27.9.2004,20.9.2004,20.3.2005,100,JPY,2,NL/365
JP11026414A6,JGB,20.9.2014,0.015,20.10.2004,20.9.2004,20.3.2005,100,JPY,2,NL/365
JP13001614A6,JGB,20.9.1934,0.025,25.10.2004,20.9.2004,20.3.2005,100,JPY,2,NL/365
JP11026514C9,JGB,20.12.2014,0.015,20.12.2004,20.12.2004,20.6.2005,100,JPY,2,NL/365
JP12007314C5,JGB,20.12.2024,0.02,20.12.2004,20.12.2004,20.6.2005,100,JPY,2,NL/365
JP1102661517,JGB,20.12.2014,0.014,25.1.2005,20.12.2004,20.6.2005,100,JPY,2,NL/365
JP1102671524,JGB,20.12.2014,0.013,21.2.2005,20.12.2004,20.6.2005,100,JPY,2,NL/365
JP1300171525,JGB,20.12.1934,0.024,21.2.2005,20.12.2004,20.6.2005,100,JPY,2,NL/365
JP1200741526,JGB,20.12.2024,0.021,28.2.2005,20.12.2004,20.6.2005,100,JPY,2,NL/365
JP1102681531,JGB,20.3.2015,0.015,22.3.2005,20.3.2005,20.9.2005,100,JPY,2,NL/365
JP1200751533,JGB,20.3.2025,0.021,25.3.2005,20.3.2005,20.9.2005,100,JPY,2,NL/365
JP1102691548,JGB,20.3.2015,0.013,20.4.2005,20.3.2005,20.9.2005,100,JPY,2,NL/365
JP1300181540,JGB,20.3.1935,0.023,20.4.2005,20.3.2005,20.9.2005,100,JPY,2,NL/365
JP1200761540,JGB,20.3.2025,0.019,28.4.2005,20.3.2005,20.9.2005,100,JPY,2,NL/365
JP1200771556,JGB,20.3.2025,0.02,30.5.2005,20.3.2005,20.9.2005,100,JPY,2,NL/365
JP1102701560,JGB,20.6.2015,0.013,20.6.2005,20.6.2005,20.12.2005,100,JPY,2,NL/365
JP1050471562,JGB,20.6.2010,0.005,27.6.2005,20.6.2005,20.12.2005,100,JPY,2,NL/365
JP1200781563,JGB,20.6.2025,0.019,27.6.2005,20.6.2005,20.12.2005,100,JPY,2,NL/365
JP1102711577,JGB,20.6.2015,0.012,20.7.2005,20.6.2005,20.12.2005,100,JPY,2,NL/365
JP1300191572,JGB,20.6.1935,0.023,20.7.2005,20.6.2005,20.12.2005,100,JPY,2,NL/365
JP1200791570,JGB,20.6.2025,0.02,29.7.2005,20.6.2005,20.12.2005,100,JPY,2,NL/365
JP1050481587,JGB,20.6.2010,0.007,25.8.2005,20.6.2005,20.12.2005,100,JPY,2,NL/365
JP1200801585,JGB,20.6.2025,0.021,30.8.2005,20.6.2005,20.12.2005,100,JPY,2,NL/365
JP1102721592,JGB,20.9.2015,0.014,20.9.2005,20.9.2005,20.3.2006,100,JPY,2,NL/365
JP1050491594,JGB,20.9.2010,0.006,30.9.2005,20.9.2005,20.3.2006,100,JPY,2,NL/365
JP1200811592,JGB,20.9.2025,0.02,30.9.2005,20.9.2005,20.3.2006,100,JPY,2,NL/365
JP11027315A4,JGB,20.9.2015,0.015,20.10.2005,20.9.2005,20.3.2006,100,JPY,2,NL/365
JP10505015A3,JGB,20.9.2010,0.008,25.10.2005,20.9.2005,20.3.2006,100,JPY,2,NL/365
JP13002015A5,JGB,20.9.1935,0.025,25.10.2005,20.9.2005,20.3.2006,100,JPY,2,NL/365
JP12008215A7,JGB,20.9.2025,0.021,31.10.2005,20.9.2005,20.3.2006,100,JPY,2,NL/365
JP10505115B9,JGB,20.9.2010,0.01,21.11.2005,20.9.2005,20.3.2006,100,JPY,2,NL/365
JP11027415C8,JGB,20.12.2015,0.015,20.12.2005,20.12.2005,20.6.2006,100,JPY,2,NL/365
JP10505215C5,JGB,20.12.2010,0.008,20.12.2005,20.12.2005,20.6.2006,100,JPY,2,NL/365
JP12008315C1,JGB,20.12.2025,0.021,20.12.2005,20.12.2005,20.6.2006,100,JPY,2,NL/365
JP1102751615,JGB,20.12.2015,0.014,25.1.2006,20.12.2005,20.6.2006,100,JPY,2,NL/365
JP1300211610,JGB,20.12.1935,0.023,25.1.2006,20.12.2005,20.6.2006,100,JPY,2,NL/365
JP1200841615,JGB,20.12.2025,0.02,31.1.2006,20.12.2005,20.6.2006,100,JPY,2,NL/365
JP1102761622,JGB,20.12.2015,0.016,20.2.2006,20.12.2005,20.6.2006,100,JPY,2,NL/365
JP1050531621,JGB,20.12.2010,0.01,27.2.2006,20.12.2005,20.6.2006,100,JPY,2,NL/365
JP1102771639,JGB,20.3.2016,0.016,20.3.2006,20.3.2006,20.9.2006,100,JPY,2,NL/365
JP1050541638,JGB,20.3.2011,0.011,27.3.2006,20.3.2006,20.9.2006,100,JPY,2,NL/365
JP1200851630,JGB,20.3.2026,0.021,27.3.2006,20.3.2006,20.9.2006,100,JPY,2,NL/365
JP1102781646,JGB,20.3.2016,0.018,20.4.2006,20.3.2006,20.9.2006,100,JPY,2,NL/365
JP1050551645,JGB,20.3.2011,0.014,28.4.2006,20.3.2006,20.9.2006,100,JPY,2,NL/365
JP1300221643,JGB,20.3.1936,0.025,25.4.2006,20.3.2006,20.9.2006,100,JPY,2,NL/365
JP1200861647,JGB,20.3.2026,0.023,28.4.2006,20.3.2006,20.9.2006,100,JPY,2,NL/365
JP1102791652,JGB,20.3.2016,0.02,25.5.2006,20.3.2006,20.9.2006,100,JPY,2,NL/365
JP1050561651,JGB,20.3.2011,0.015,30.5.2006,20.3.2006,20.9.2006,100,JPY,2,NL/365
JP1200871653,JGB,20.3.2026,0.022,30.5.2006,20.3.2006,20.9.2006,100,JPY,2,NL/365
JP1102801667,JGB,20.6.2016,0.019,20.6.2006,20.6.2006,20.12.2006,100,JPY,2,NL/365
JP1050571668,JGB,20.6.2011,0.014,26.6.2006,20.6.2006,20.12.2006,100,JPY,2,NL/365
JP1200881660,JGB,20.6.2026,0.023,26.6.2006,20.6.2006,20.12.2006,100,JPY,2,NL/365
JP1102811674,JGB,20.6.2016,0.02,20.7.2006,20.6.2006,20.12.2006,100,JPY,2,NL/365
JP1050581675,JGB,20.6.2011,0.015,25.7.2006,20.6.2006,20.12.2006,100,JPY,2,NL/365
JP1300231675,JGB,20.6.1936,0.025,20.7.2006,20.6.2006,20.12.2006,100,JPY,2,NL/365
JP1050591682,JGB,20.6.2011,0.013,25.8.2006,20.6.2006,20.12.2006,100,JPY,2,NL/365
JP1200891685,JGB,20.6.2026,0.022,30.8.2006,20.6.2006,20.12.2006,100,JPY,2,NL/365
JP1102821699,JGB,20.9.2016,0.017,20.9.2006,20.9.2006,20.3.2007,100,JPY,2,NL/365
JP1050601697,JGB,20.9.2011,0.012,25.9.2006,20.9.2006,20.3.2007,100,JPY,2,NL/365
JP1200901690,JGB,20.9.2026,0.022,29.9.2006,20.9.2006,20.3.2007,100,JPY,2,NL/365
JP13002416A5,JGB,20.9.1936,0.025,20.10.2006,20.9.2006,20.3.2007,100,JPY,2,NL/365
JP12009116A6,JGB,20.9.2026,0.023,30.10.2006,20.9.2006,20.3.2007,100,JPY,2,NL/365
JP11028316B9,JGB,20.9.2016,0.018,20.11.2006,20.9.2006,20.3.2007,100,JPY,2,NL/365
JP11028416C5,JGB,20.12.2016,0.017,20.12.2006,20.12.2006,20.6.2007,100,JPY,2,NL/365
JP10506116C4,JGB,20.12.2011,0.012,25.12.2006,20.12.2006,20.6.2007,100,JPY,2,NL/365
JP12009216C0,JGB,20.12.2026,0.021,25.12.2006,20.12.2006,20.6.2007,100,JPY,2,NL/365
JP1050621711,JGB,20.12.2011,0.013,30.1.2007,20.12.2006,20.6.2007,100,JPY,2,NL/365
JP1300251715,JGB,20.12.1936,0.023,25.1.2007,20.12.2006,20.6.2007,100,JPY,2,NL/365
JP1102851738,JGB,20.3.2017,0.017,20.3.2007,20.3.2007,20.9.2007,100,JPY,2,NL/365
JP1050631736,JGB,20.3.2012,0.012,26.3.2007,20.3.2007,20.9.2007,100,JPY,2,NL/365
JP1200931739,JGB,20.3.2027,0.02,26.3.2007,20.3.2007,20.9.2007,100,JPY,2,NL/365
JP1300261748,JGB,20.3.1937,0.024,20.4.2007,20.3.2007,20.9.2007,100,JPY,2,NL/365
JP1200941746,JGB,20.3.2027,0.021,27.4.2007,20.3.2007,20.9.2007,100,JPY,2,NL/365
JP1102861760,JGB,20.6.2017,0.018,20.6.2007,20.6.2007,20.12.2007,100,JPY,2,NL/365
JP1050641768,JGB,20.6.2012,0.015,25.6.2007,20.6.2007,20.12.2007,100,JPY,2,NL/365
JP1200951760,JGB,20.6.2027,0.023,29.6.2007,20.6.2007,20.12.2007,100,JPY,2,NL/365
JP1102871777,JGB,20.6.2017,0.019,20.7.2007,20.6.2007,20.12.2007,100,JPY,2,NL/365
JP1050651783,JGB,20.6.2012,0.014,27.8.2007,20.6.2007,20.12.2007,100,JPY,2,NL/365
JP1200961785,JGB,20.6.2027,0.021,31.8.2007,20.6.2007,20.12.2007,100,JPY,2,NL/365
JP1102881792,JGB,20.9.2017,0.017,20.9.2007,20.9.2007,20.3.2008,100,JPY,2,NL/365
JP1050661790,JGB,20.9.2012,0.011,25.9.2007,20.9.2007,20.3.2008,100,JPY,2,NL/365
JP1200971792,JGB,20.9.2027,0.022,28.9.2007,20.9.2007,20.3.2008,100,JPY,2,NL/365
JP14000117B7,JGB,20.3.1948,0.024,20.11.2007,20.9.2007,20.3.2008,100,JPY,2,NL/365
JP10506717A3,JGB,20.9.2012,0.013,25.10.2007,20.9.2007,20.3.2008,100,JPY,2,NL/365
JP13002717A6,JGB,20.9.1937,0.025,22.10.2007,20.9.2007,20.3.2008,100,JPY,2,NL/365
JP12009817B7,JGB,20.9.2027,0.021,30.11.2007,20.9.2007,20.3.2008,100,JPY,2,NL/365
JP11028917C2,JGB,20.12.2017,0.015,20.12.2007,20.12.2007,20.6.2008,100,JPY,2,NL/365
JP10506817C7,JGB,20.12.2012,0.011,25.12.2007,20.12.2007,20.6.2008,100,JPY,2,NL/365
JP12009917C3,JGB,20.12.2027,0.021,25.12.2007,20.12.2007,20.6.2008,100,JPY,2,NL/365
JP1050691813,JGB,20.12.2012,0.009,25.1.2008,20.12.2007,20.6.2008,100,JPY,2,NL/365
JP1102901830,JGB,20.3.2018,0.014,21.3.2008,20.3.2008,20.9.2008,100,JPY,2,NL/365
JP1050701836,JGB,20.3.2013,0.008,25.3.2008,20.3.2008,20.9.2008,100,JPY,2,NL/365
JP1201001839,JGB,20.3.2028,0.022,25.3.2008,20.3.2008,20.9.2008,100,JPY,2,NL/365
JP1102911847,JGB,20.3.2018,0.013,4.4.2008,20.3.2008,20.9.2008,100,JPY,2,NL/365
JP1300281845,JGB,20.3.1938,0.025,18.4.2008,20.3.2008,20.9.2008,100,JPY,2,NL/365
JP1102921853,JGB,20.3.2018,0.017,13.5.2008,20.3.2008,20.9.2008,100,JPY,2,NL/365
JP1050711850,JGB,20.3.2013,0.013,20.5.2008,20.3.2008,20.9.2008,100,JPY,2,NL/365
JP1201011853,JGB,20.3.2028,0.024,30.5.2008,20.3.2008,20.9.2008,100,JPY,2,NL/365
JP1022691867,JGB,15.6.2010,0.009,16.6.2008,15.6.2008,15.12.2008,100,JPY,2,NL/365
JP1102931860,JGB,20.6.2018,0.018,20.6.2008,20.6.2008,20.12.2008,100,JPY,2,NL/365
JP1050721867,JGB,20.6.2013,0.015,20.6.2008,20.6.2008,20.12.2008,100,JPY,2,NL/365
JP1201021860,JGB,20.6.2028,0.024,20.6.2008,20.6.2008,20.12.2008,100,JPY,2,NL/365
JP1022701872,JGB,15.7.2010,0.009,15.7.2008,15.7.2008,15.1.2009,100,JPY,2,NL/365
JP1102941877,JGB,20.6.2018,0.017,8.7.2008,20.6.2008,20.12.2008,100,JPY,2,NL/365
JP1050731874,JGB,20.6.2013,0.013,11.7.2008,20.6.2008,20.12.2008,100,JPY,2,NL/365
JP1201031877,JGB,20.6.2028,0.023,29.7.2008,20.6.2008,20.12.2008,100,JPY,2,NL/365
JP1022711889,JGB,15.8.2010,0.008,15.8.2008,15.8.2008,15.2.2009,100,JPY,2,NL/365
JP1102951884,JGB,20.6.2018,0.015,8.8.2008,20.6.2008,20.12.2008,100,JPY,2,NL/365
JP1050741881,JGB,20.6.2013,0.01,25.8.2008,20.6.2008,20.12.2008,100,JPY,2,NL/365
JP1201041884,JGB,20.6.2028,0.021,29.8.2008,20.6.2008,20.12.2008,100,JPY,2,NL/365
JP1022721896,JGB,15.9.2010,0.007,16.9.2008,15.9.2008,15.3.2009,100,JPY,2,NL/365
JP1102961891,JGB,20.9.2018,0.015,22.9.2008,20.9.2008,20.3.2009,100,JPY,2,NL/365
JP1050751898,JGB,20.9.2013,0.011,22.9.2008,20.9.2008,20.3.2009,100,JPY,2,NL/365
JP1201051891,JGB,20.9.2028,0.021,24.9.2008,20.9.2008,20.3.2009,100,JPY,2,NL/365
JP10227318A8,JGB,15.10.2010,0.008,15.10.2008,15.10.2008,15.4.2009,100,JPY,2,NL/365
JP10507618A2,JGB,20.9.2013,0.012,21.10.2008,20.9.2008,20.3.2009,100,JPY,2,NL/365
JP13002918A0,JGB,20.9.1938,0.024,24.10.2008,20.9.2008,20.3.2009,100,JPY,2,NL/365
JP12010618A8,JGB,20.9.2028,0.022,31.10.2008,20.9.2008,20.3.2009,100,JPY,2,NL/365
JP10227418B4,JGB,15.11.2010,0.006,17.11.2008,15.11.2008,15.5.2009,100,JPY,2,NL/365
JP10507718B8,JGB,20.9.2013,0.01,14.11.2008,20.9.2008,20.3.2009,100,JPY,2,NL/365
JP10227518C9,JGB,15.12.2010,0.006,15.12.2008,15.12.2008,15.6.2009,100,JPY,2,NL/365
JP11029718C3,JGB,20.12.2018,0.014,22.12.2008,20.12.2008,20.6.2009,100,JPY,2,NL/365
JP10507818C4,JGB,20.12.2013,0.009,22.12.2008,20.12.2008,20.6.2009,100,JPY,2,NL/365
JP12010718C2,JGB,20.12.2028,0.021,22.12.2008,20.12.2008,20.6.2009,100,JPY,2,NL/365
JP1022761918,JGB,15.1.2011,0.005,15.1.2009,15.1.2009,15.7.2009,100,JPY,2,NL/365
JP1102981915,JGB,20.12.2018,0.013,14.1.2009,20.12.2008,20.6.2009,100,JPY,2,NL/365
JP1050791910,JGB,20.12.2013,0.007,19.1.2009,20.12.2008,20.6.2009,100,JPY,2,NL/365
JP1201081914,JGB,20.12.2028,0.019,30.1.2009,20.12.2008,20.6.2009,100,JPY,2,NL/365
JP1022771925,JGB,15.2.2011,0.004,16.2.2009,15.2.2009,15.8.2009,100,JPY,2,NL/365
JP1050801925,JGB,20.12.2013,0.008,16.2.2009,20.12.2008,20.6.2009,100,JPY,2,NL/365
JP1022781932,JGB,15.3.2011,0.004,16.3.2009,15.3.2009,15.9.2009,100,JPY,2,NL/365
JP1102991930,JGB,20.3.2019,0.013,23.3.2009,20.3.2009,20.9.2009,100,JPY,2,NL/365
JP1050811932,JGB,20.3.2014,0.008,23.3.2009,20.3.2009,20.9.2009,100,JPY,2,NL/365
JP1201091939,JGB,20.3.2029,0.019,23.3.2009,20.3.2009,20.9.2009,100,JPY,2,NL/365
JP1022791949,JGB,15.4.2011,0.004,15.4.2009,15.4.2009,15.10.2009,100,JPY,2,NL/365
JP1050821949,JGB,20.3.2014,0.009,13.4.2009,20.3.2009,20.9.2009,100,JPY,2,NL/365
JP1300301940,JGB,20.3.1939,0.023,17.4.2009,20.3.2009,20.9.2009,100,JPY,2,NL/365
JP1201101944,JGB,20.3.2029,0.021,24.4.2009,20.3.2009,20.9.2009,100,JPY,2,NL/365
JP1022801953,JGB,15.5.2011,0.004,15.5.2009,15.5.2009,15.11.2009,100,JPY,2,NL/365
JP1103001952,JGB,20.3.2019,0.015,15.5.2009,20.3.2009,20.9.2009,100,JPY,2,NL/365
JP1400021950,JGB,20.3.1949,0.022,19.5.2009,20.3.2009,20.9.2009,100,JPY,2,NL/365
JP1200291R09,JGB,21.9.2015,0.042,20.4.1995,20.4.1995,20.3.1996,100,JPY,2,NL/365
JP1200131L09,JGB,20.9.2010,0.068,31.5.1990,31.5.1990,20.3.1991,100,JPY,2,NL/365
JP1200141L07,JGB,21.3.2011,0.073,20.11.1990,20.11.1990,20.9.1991,100,JPY,2,NL/365
JP1200151M03,JGB,21.3.2011,0.067,20.2.1991,20.2.1991,20.9.1991,100,JPY,2,NL/365
JP1200161M01,JGB,20.9.2011,0.068,20.5.1991,20.5.1991,20.3.1992,100,JPY,2,NL/365
JP1200171M09,JGB,20.9.2011,0.066,20.8.1991,20.8.1991,20.3.1992,100,JPY,2,NL/365
JP1200181M07,JGB,20.3.2012,0.063,25.11.1991,25.11.1991,20.9.1992,100,JPY,2,NL/365
JP1200191N04,JGB,20.9.2012,0.059,20.7.1992,20.7.1992,20.3.1993,100,JPY,2,NL/365
JP1200201N02,JGB,20.9.2012,0.056,21.9.1992,21.9.1992,20.3.1993,100,JPY,2,NL/365
JP1200211N00,JGB,20.3.2013,0.057,20.11.1992,20.11.1992,20.9.1993,100,JPY,2,NL/365
JP1200221P06,JGB,20.3.2013,0.053,22.2.1993,22.2.1993,20.9.1993,100,JPY,2,NL/365
JP1200231P04,JGB,20.9.2013,0.055,25.6.1993,25.6.1993,20.3.1994,100,JPY,2,NL/365
JP1200241P02,JGB,20.3.2014,0.047,20.10.1993,20.10.1993,20.9.1994,100,JPY,2,NL/365
JP1200251Q08,JGB,20.3.2014,0.041,20.1.1994,20.1.1994,20.9.1994,100,JPY,2,NL/365
JP1200261Q06,JGB,22.9.2014,0.045,31.5.1994,31.5.1994,20.3.1995,100,JPY,2,NL/365
JP1200271Q04,JGB,22.9.2014,0.05,20.9.1994,20.9.1994,20.3.1995,100,JPY,2,NL/365
JP1200301R07,JGB,21.9.2015,0.037,20.6.1995,20.6.1995,20.3.1996,100,JPY,2,NL/365
JP1200311R05,JGB,21.3.2016,0.035,25.10.1995,25.10.1995,20.9.1996,100,JPY,2,NL/365
JP1200321S02,JGB,21.3.2016,0.037,20.2.1996,20.2.1996,20.9.1996,100,JPY,2,NL/365
JP1200331S00,JGB,20.9.2016,0.038,22.4.1996,22.4.1996,20.3.1997,100,JPY,2,NL/365
JP1200361T02,JGB,20.9.2017,0.03,21.4.1997,21.4.1997,20.9.1997,100,JPY,2,NL/365
JP1200371T00,JGB,20.9.2017,0.031,22.7.1997,22.7.1997,20.3.1998,100,JPY,2,NL/365
JP1200281R01,JGB,20.3.2015,0.05,28.2.1995,28.2.1995,20.9.1995,100,JPY,2,NL/365
JP1200381T08,JGB,20.3.2018,0.027,20.10.1997,20.10.1997,20.3.1998,100,JPY,2,NL/365
JP1200391V02,JGB,20.3.2018,0.026,30.1.1998,30.1.1998,20.9.1998,100,JPY,2,NL/365
XS0398117746,LGB,4.12.2013,0.0375,4.12.2008,4.12.2008,4.12.2009,100,EUR,1,ACT/ACT
MXM0GO000011,MBONO,20.12.2012,0.09,9.1.2003,2.1.2003,3.7.2003,100,MXN,2,ACT/360
MX0MGO000003,MBONO,7.12.2023,0.08,30.10.2003,30.10.2003,31.12.2003,100,MXN,2,ACT/360
MX0MGO000037,MBONO,23.12.2010,0.08,31.12.2003,31.12.2003,1.7.2004,100,MXN,2,ACT/360
MX0MGO000045,MBONO,19.12.2013,0.08,8.1.2004,31.12.2003,1.7.2004,100,MXN,2,ACT/360
MX0MGO000060,MBONO,18.12.2014,0.095,6.1.2005,30.12.2004,30.6.2005,100,MXN,2,ACT/360
MX0MGO000078,MBONO,5.12.2024,0.1,20.1.2005,30.12.2004,30.6.2005,100,MXN,2,ACT/360
MX0MGO000052,MBONO,22.12.2011,0.09,27.1.2005,30.12.2004,30.6.2005,100,MXN,2,ACT/360
MX0MGO000086,MBONO,17.12.2015,0.08,5.1.2006,29.12.2005,29.6.2006,100,MXN,2,ACT/360
MX0MGO0000A4,MBONO,20.6.2013,0.09,13.7.2006,29.6.2006,28.12.2006,100,MXN,2,ACT/360
MX0MGO000094,MBONO,23.6.2011,0.085,27.7.2006,29.6.2006,28.12.2006,100,MXN,2,ACT/360
MX0MGO0000B2,MBONO,20.11.1936,0.1,26.10.2006,29.6.2006,28.12.2006,100,MXN,2,ACT/360
MX0MGO0000D8,MBONO,3.6.2027,0.075,18.1.2007,28.12.2006,28.6.2007,100,MXN,2,ACT/360
MX0MGO0000C0,MBONO,15.12.2016,0.0725,1.2.2007,28.12.2006,28.6.2007,100,MXN,2,ACT/360
MX0MGO0000E6,MBONO,21.6.2012,0.075,26.7.2007,28.6.2007,27.12.2007,100,MXN,2,ACT/360
MX0MGO0000F3,MBONO,14.12.2017,0.0775,31.1.2008,27.12.2007,26.6.2008,100,MXN,2,ACT/360
MX0MGO0000H9,MBONO,31.5.2029,0.085,15.1.2009,24.12.2008,25.6.2009,100,MXN,2,ACT/360
MX0MGO0000J5,MBONO,18.11.1938,0.085,29.1.2009,24.12.2008,25.6.2009,100,MXN,2,ACT/360
MX0MGO0000G1,MBONO,13.12.2018,0.085,12.2.2009,24.12.2008,25.6.2009,100,MXN,2,ACT/360
MYBGN0500015,MGII,16.3.2015,0.04419,16.3.2005,16.3.2005,16.9.2005,100,MYR,2,ACT/ACT
MYBGI0500247,MGII,8.12.2010,0.03692,8.12.2005,8.12.2005,8.6.2006,100,MYR,2,ACT/ACT
MYBGI0600088,MGII,14.7.2011,0.04635,14.7.2006,14.7.2006,14.1.2007,100,MYR,2,ACT/ACT
MYBGN0600195,MGII,15.11.2016,0.0382,15.11.2006,15.11.2006,15.5.2007,100,MYR,2,ACT/ACT
MYBGN0700086,MGII,15.6.2017,0.03941,15.6.2007,15.6.2007,15.12.2007,100,MYR,2,ACT/ACT
MYBGI0700292,MGII,14.9.2012,0.03581,14.9.2007,14.9.2007,14.3.2008,100,MYR,2,ACT/ACT
MYBGI0800019,MGII,29.3.2013,0.03604,31.3.2008,31.3.2008,29.9.2008,100,MYR,2,ACT/ACT
MYBGG0800120,MGII,30.6.2011,0.04363,30.6.2008,30.6.2008,31.12.2008,100,MYR,2,ACT/ACT
MYBGJ0800199,MGII,14.2.2014,0.04273,14.8.2008,14.8.2008,14.2.2009,100,MYR,2,ACT/ACT
MYBGN0800316,MGII,31.10.2018,0.04295,31.10.2008,31.10.2008,30.4.2009,100,MYR,2,ACT/ACT
MYBMS98004N0,MGS,30.10.2013,0.08,30.10.1998,30.10.1998,30.4.1999,100,MYR,2,ACT/ACT NON-EOM
MYBMZ98005A5,MGS,30.10.2018,0.08,30.10.1998,30.10.1998,30.4.1999,100,MYR,2,ACT/ACT NON-EOM
MYBMS99005N6,MGS,1.10.2014,0.073,1.10.1999,1.10.1999,1.4.2000,100,MYR,2,ACT/ACT
MYBMN01001V0,MGS,28.9.2011,0.03833,28.9.2001,28.9.2001,28.3.2002,100,MYR,2,ACT/ACT
MYBMN02002V7,MGS,4.12.2012,0.04053,4.12.2002,4.12.2002,4.6.2003,100,MYR,2,ACT/ACT
MYBMS03001S9,MGS,29.1.2018,0.0441,29.1.2003,29.1.2003,29.7.2003,100,MYR,2,ACT/ACT
MYBMS03002H0,MGS,7.2.2018,0.0424,7.2.2003,7.2.2003,7.8.2003,100,MYR,2,ACT/ACT
MYBMN03003V4,MGS,25.2.2013,0.03702,25.2.2003,25.2.2003,25.8.2003,100,MYR,2,ACT/ACT
MYBMN04002W3,MGS,30.4.2014,0.05094,30.4.2004,30.4.2004,30.10.2004,100,MYR,2,ACT/ACT NON-EOM
MYBMS04003H7,MGS,30.7.2019,0.05734,30.7.2004,30.7.2004,30.1.2005,100,MYR,2,ACT/ACT NON-EOM
MYBMJ05001X8,MGS,25.8.2010,0.03644,25.2.2005,25.2.2005,25.8.2005,100,MYR,2,ACT/ACT
MYBMO05002S9,MGS,30.9.2015,0.0472,31.3.2005,31.3.2005,30.9.2005,100,MYR,2,ACT/ACT
MYBMY0500036,MGS,15.7.2025,0.04837,15.7.2005,15.7.2005,15.1.2006,100,MYR,2,ACT/ACT
MYBMJ0500045,MGS,28.4.2011,0.03756,28.10.2005,28.10.2005,28.4.2006,100,MYR,2,ACT/ACT
MYBMO0600019,MGS,15.9.2016,0.04262,15.3.2006,15.3.2006,15.9.2006,100,MYR,2,ACT/ACT
MYBMX0600028,MGS,15.9.2026,0.04709,15.9.2006,15.9.2006,15.3.2007,100,MYR,2,ACT/ACT
MYBMJ0600050,MGS,15.6.2012,0.03718,15.12.2006,15.12.2006,15.6.2007,100,MYR,2,ACT/ACT
MYBMN0700027,MGS,15.2.2017,0.03814,15.2.2007,15.2.2007,15.8.2007,100,MYR,2,ACT/ACT
MYBMX0700034,MGS,31.5.2027,0.03502,31.5.2007,31.5.2007,30.11.2007,100,MYR,2,ACT/ACT
MYBMJ0700058,MGS,15.5.2013,0.037,15.11.2007,15.11.2007,15.5.2008,100,MYR,2,ACT/ACT
MYBMJ0800015,MGS,31.7.2013,0.03461,31.1.2008,31.1.2008,31.7.2008,100,MYR,2,ACT/ACT
MYBMX0800032,MGS,15.9.2028,0.05248,15.9.2008,15.9.2008,15.3.2009,100,MYR,2,ACT/ACT
MYBMH0900017,MGS,27.8.2012,0.02509,27.2.2009,27.2.2009,27.8.2009,100,MYR,2,ACT/ACT
MYBMW91003Z7,MGS,30.11.2012,0.085,30.11.1991,30.11.1991,31.5.1992,100,MYR,2,ACT/ACT
KR1035037M49,NDFB,18.4.2011,0.0765,18.4.2001,18.4.2001,18.7.2001,100,KRW,4,ACT/ACT
KR1035037M72,NDFB,18.7.2011,0.0691,18.7.2001,18.7.2001,18.10.2001,100,KRW,4,ACT/ACT
KR1035037MA7,NDFB,24.10.2011,0.0662,24.10.2001,24.10.2001,24.1.2002,100,KRW,4,ACT/ACT
KR1035037N14,NDFB,23.1.2012,0.0712,23.1.2002,23.1.2002,23.4.2002,100,KRW,4,ACT/ACT
KR1035037N48,NDFB,17.4.2012,0.0728,17.4.2002,17.4.2002,17.7.2002,100,KRW,4,ACT/ACT
KR1035037N71,NDFB,18.7.2012,0.0664,18.7.2002,18.7.2002,18.10.2002,100,KRW,4,ACT/ACT
KR1035037NA5,NDFB,16.10.2012,0.0614,16.10.2002,16.10.2002,16.1.2003,100,KRW,4,ACT/ACT
KR1035037P38,NDFB,26.3.2013,0.05,26.3.2003,26.3.2003,26.9.2003,100,KRW,2,ACT/ACT
KR1035037P95,NDFB,17.9.2013,0.0475,17.9.2003,17.9.2003,17.3.2004,100,KRW,2,ACT/ACT
KR1035037Q37,NDFB,17.3.2014,0.0525,17.3.2004,17.3.2004,17.9.2004,100,KRW,2,ACT/ACT
KR1035027Q96,NDFB,10.9.2014,0.0425,21.9.2004,10.9.2004,10.3.2005,100,KRW,2,ACT/ACT
KR1035017R63,NDFB,10.6.2010,0.04,14.6.2005,10.6.2005,10.12.2005,100,KRW,2,ACT/ACT
KR1035027R95,NDFB,10.9.2015,0.0525,21.9.2005,10.9.2005,10.3.2006,100,KRW,2,ACT/ACT
KR1035017RC4,NDFB,10.12.2010,0.0525,13.12.2005,10.12.2005,10.6.2006,100,KRW,2,ACT/ACT
KR1035017S39,NDFB,10.3.2026,0.0575,25.1.2006,10.3.2006,10.9.2006,100,KRW,2,ACT/ACT
KR1035027S37,NDFB,10.3.2011,0.05,14.3.2006,10.3.2006,10.9.2006,100,KRW,2,ACT/ACT
KR1035017S96,NDFB,10.9.2011,0.0475,12.9.2006,10.9.2006,10.3.2007,100,KRW,2,ACT/ACT
KR1035027S94,NDFB,10.9.2016,0.05,19.9.2006,10.9.2006,10.3.2007,100,KRW,2,ACT/ACT
KR1035017T38,NDFB,10.3.2012,0.0475,13.3.2007,10.3.2007,10.9.2007,100,KRW,2,ACT/ACT
KR1035037T34,NDFB,10.3.2027,0.0525,27.3.2007,10.3.2007,10.9.2007,100,KRW,2,ACT/ACT
KR1035017T61,NDFB,10.6.2010,0.0525,5.6.2007,10.6.2007,10.12.2007,100,KRW,2,ACT/ACT
KR1035017T95,NDFB,10.9.2012,0.0525,11.9.2007,10.9.2007,10.3.2008,100,KRW,2,ACT/ACT
KR1035027T93,NDFB,10.9.2017,0.055,18.9.2007,10.9.2007,10.3.2008,100,KRW,2,ACT/ACT
KR1035017TC0,NDFB,10.12.2010,0.0575,4.12.2007,10.12.2007,10.6.2008,100,KRW,2,ACT/ACT
KR1035017V34,NDFB,10.3.2013,0.0525,11.3.2008,10.3.2008,10.9.2008,100,KRW,2,ACT/ACT
KR1035027V32,NDFB,10.3.2028,0.055,25.3.2008,10.3.2008,10.9.2008,100,KRW,2,ACT/ACT
KR1035017V67,NDFB,10.6.2011,0.055,3.6.2008,10.6.2008,10.12.2008,100,KRW,2,ACT/ACT
KR1035017V91,NDFB,10.9.2013,0.0575,9.9.2008,10.9.2008,10.3.2009,100,KRW,2,ACT/ACT
KR1035027V99,NDFB,10.9.2018,0.0575,17.9.2008,10.9.2008,10.3.2009,100,KRW,2,ACT/ACT
KR1035017VC6,NDFB,10.12.2011,0.0475,2.12.2008,10.12.2008,10.6.2009,100,KRW,2,ACT/ACT
KR1035017W33,NDFB,10.3.2014,0.0475,10.3.2009,10.3.2009,10.9.2009,100,KRW,2,ACT/ACT
NL0000102580,NETHER,15.7.2010,0.055,14.1.2000,14.1.2000,15.7.2001,100,EUR,1,ACT/ACT
NL0000102606,NETHER,15.7.2011,0.05,16.3.2001,16.3.2001,15.7.2002,100,EUR,1,ACT/ACT
NL0000102671,NETHER,15.7.2012,0.05,15.2.2002,15.2.2002,15.7.2003,100,EUR,1,ACT/ACT
NL0000102689,NETHER,15.7.2013,0.0425,17.1.2003,17.1.2003,15.7.2004,100,EUR,1,ACT/ACT
NL0000102325,NETHER,15.7.2014,0.0375,29.3.2004,29.3.2004,15.7.2005,100,EUR,1,ACT/ACT
NL0000102234,NETHER,15.1.1937,0.04,25.4.2005,25.4.2005,15.1.2006,100,EUR,1,ACT/ACT
NL0000102242,NETHER,15.7.2015,0.0325,27.6.2005,27.6.2005,15.7.2006,100,EUR,1,ACT/ACT
NL0000102275,NETHER,15.1.2023,0.0375,17.2.2006,15.1.2006,15.1.2007,100,EUR,1,ACT/ACT
NL0000102283,NETHER,15.7.2016,0.04,17.7.2006,17.7.2006,15.7.2007,100,EUR,1,ACT/ACT
NL0006007239,NETHER,15.7.2017,0.045,16.7.2007,16.7.2007,15.7.2008,100,EUR,1,ACT/ACT
NL0006173015,NETHER,15.1.2011,0.04,11.1.2008,11.1.2008,15.1.2009,100,EUR,1,ACT/ACT
NL0006227316,NETHER,15.7.2018,0.04,25.2.2008,25.2.2008,15.7.2008,100,EUR,1,ACT/ACT
NL0009041359,NETHER,15.1.2012,0.025,16.1.2009,16.1.2009,15.1.2010,100,EUR,1,ACT/ACT
NL0009086115,NETHER,15.7.2019,0.04,13.2.2009,13.2.2009,15.7.2009,100,EUR,1,ACT/ACT
NL0000102077,NETHER,15.1.2023,0.075,15.1.1993,15.1.1993,15.1.1994,100,EUR,1,ACT/ACT
NL0000102317,NETHER,15.1.2028,0.055,15.1.1998,15.1.1998,15.1.1999,100,EUR,1,ACT/ACT
NO0010052467,NGB,16.5.2011,0.06,9.6.2000,16.5.2000,16.5.2001,100,NOK,1,ACT/365
NO0010144843,NGB,15.5.2013,0.065,30.5.2002,15.5.2002,15.5.2003,100,NOK,1,ACT/365
NO0010226962,NGB,15.5.2015,0.05,2.6.2004,15.5.2004,15.5.2005,100,NOK,1,ACT/365
NO0010313356,NGB,19.5.2017,0.0425,19.5.2006,19.5.2006,19.5.2007,100,NOK,1,ACT/365
NO0010429913,NGB,22.5.2019,0.045,22.5.2008,22.5.2008,22.5.2009,100,NOK,1,ACT/365
NZGOVD1111R9,NZGB,15.11.2011,0.06,13.4.1999,15.11.1998,15.5.1999,100,NZD,2,ACT/ACT
NZGOVD0413R0,NZGB,15.4.2013,0.065,6.6.2001,15.4.2001,15.10.2001,100,NZD,2,ACT/ACT
NZGOVD0004R7,NZGB,15.4.2015,0.06,15.4.2003,15.4.2003,15.10.2003,100,NZD,2,ACT/ACT
NZGOVD0008C0,NZGB,15.12.2017,0.06,27.4.2005,15.12.2004,15.6.2005,100,NZD,2,ACT/ACT
DE0001141471,OBL,8.10.2010,0.025,23.9.2005,23.9.2005,8.10.2006,100,EUR,1,ACT/ACT
DE0001141489,OBL,8.4.2011,0.035,24.3.2006,24.3.2006,8.4.2007,100,EUR,1,ACT/ACT
DE0001141497,OBL,14.10.2011,0.035,29.9.2006,29.9.2006,14.10.2007,100,EUR,1,ACT/ACT
DE0001141505,OBL,13.4.2012,0.04,30.3.2007,30.3.2007,13.4.2008,100,EUR,1,ACT/ACT
DE0001141513,OBL,12.10.2012,0.0425,28.9.2007,28.9.2007,12.10.2008,100,EUR,1,ACT/ACT
DE0001141521,OBL,12.4.2013,0.035,28.3.2008,28.3.2008,12.4.2009,100,EUR,1,ACT/ACT
DE0001141539,OBL,11.10.2013,0.04,26.9.2008,26.9.2008,11.10.2009,100,EUR,1,ACT/ACT
DE0001141547,OBL,11.4.2014,0.0225,27.3.2009,27.3.2009,11.4.2010,100,EUR,1,ACT/ACT
PTOTEGOE0009,PGB,23.9.2013,0.0545,22.5.1998,22.5.1998,23.9.1998,100,EUR,1,ACT/ACT
PTOTEJOE0006,PGB,15.6.2011,0.0515,13.3.2001,13.3.2001,15.6.2002,100,EUR,1,ACT/ACT
PTOTEKOE0003,PGB,15.6.2012,0.05,13.2.2002,13.2.2002,15.6.2003,100,EUR,1,ACT/ACT
PTOTE1OE0019,PGB,16.6.2014,0.04375,29.10.2003,29.10.2003,16.6.2004,100,EUR,1,ACT/ACT
PTOTEYOE0007,PGB,15.4.2021,0.0385,23.2.2005,23.2.2005,15.4.2006,100,EUR,1,ACT/ACT
PTOTE3OE0017,PGB,15.10.2015,0.0335,13.7.2005,13.7.2005,15.10.2006,100,EUR,1,ACT/ACT
PTOTE4OE0040,PGB,15.4.2011,0.032,16.11.2005,16.11.2005,15.4.2006,100,EUR,1,ACT/ACT
PTOTE5OE0007,PGB,15.4.1937,0.041,22.3.2006,22.3.2006,15.4.2007,100,EUR,1,ACT/ACT
PTOTE6OE0006,PGB,15.10.2016,0.042,17.7.2006,17.7.2006,15.10.2007,100,EUR,1,ACT/ACT
PTOTELOE0010,PGB,16.10.2017,0.0435,3.5.2007,3.5.2007,16.10.2007,100,EUR,1,ACT/ACT
PTOTENOE0018,PGB,15.6.2018,0.0445,4.3.2008,4.3.2008,15.6.2008,100,EUR,1,ACT/ACT
PTOTEAOE0021,PGB,25.10.2023,0.0495,10.6.2008,10.6.2008,25.10.2009,100,EUR,1,ACT/ACT
PTOTEMOE0027,PGB,14.6.2019,0.0475,3.3.2009,3.3.2009,14.6.2009,100,EUR,1,ACT/ACT
PL0000101937,POLGB,24.11.2010,0.06,24.11.2000,24.11.2000,24.11.2001,100,PLN,1,ACT/ACT
PL0000102646,POLGB,23.9.2022,0.0575,22.4.2002,23.9.2001,23.9.2002,100,PLN,1,ACT/ACT
PL0000102836,POLGB,24.10.2013,0.05,24.10.2002,24.10.2002,24.10.2003,100,PLN,1,ACT/ACT
PL0000103602,POLGB,24.10.2015,0.0625,25.10.2004,24.10.2004,24.10.2005,100,PLN,1,ACT/ACT
PL0000104287,POLGB,24.5.2011,0.0425,24.3.2006,24.5.2005,24.5.2006,100,PLN,1,ACT/ACT
PL0000104543,POLGB,25.10.2017,0.0525,25.10.2006,25.10.2006,25.10.2007,100,PLN,1,ACT/ACT
PL0000104659,POLGB,25.4.2012,0.0475,19.1.2007,25.4.2006,25.4.2007,100,PLN,1,ACT/ACT
PL0000105037,POLGB,25.4.2013,0.0525,23.11.2007,25.4.2007,25.4.2008,100,PLN,1,ACT/ACT
PL0000105391,POLGB,25.4.2029,0.0575,12.9.2008,25.4.2008,25.4.2009,100,PLN,1,ACT/ACT
PL0000105441,POLGB,25.10.2019,0.055,25.10.2008,25.10.2008,25.10.2009,100,PLN,1,ACT/ACT
PL0000105433,POLGB,25.4.2014,0.0575,3.10.2008,25.4.2008,25.4.2009,100,PLN,1,ACT/ACT
AT0000384748,RAGB,15.1.2014,0.04125,29.1.1999,15.1.1999,15.1.2000,100,EUR,1,ACT/ACT
AT0000385067,RAGB,4.1.2011,0.0525,16.1.2001,4.1.2001,4.1.2002,100,EUR,1,ACT/ACT
AT0000385356,RAGB,15.7.2012,0.05,14.1.2002,15.1.2002,15.7.2002,100,EUR,1,ACT/ACT
AT0000385745,RAGB,15.1.2018,0.0465,20.1.2003,15.1.2003,15.1.2004,100,EUR,1,ACT/ACT
AT0000385992,RAGB,20.10.2013,0.038,28.5.2003,28.5.2003,20.10.2003,100,EUR,1,ACT/ACT
AT0000386073,RAGB,15.7.2014,0.043,15.1.2004,15.7.2003,15.7.2004,100,EUR,1,ACT/ACT
AT0000386115,RAGB,15.7.2020,0.039,18.1.2005,15.7.2004,15.7.2005,100,EUR,1,ACT/ACT
AT0000386198,RAGB,15.7.2015,0.035,6.5.2005,15.7.2004,15.7.2005,100,EUR,1,ACT/ACT
AT0000A001X2,RAGB,15.9.2021,0.035,16.1.2006,15.9.2005,15.9.2006,100,EUR,1,ACT/ACT
AT0000A011T9,RAGB,15.9.2016,0.04,25.4.2006,15.9.2005,15.9.2006,100,EUR,1,ACT/ACT
AT0000A04967,RAGB,15.3.1937,0.0415,17.1.2007,15.3.2006,15.3.2007,100,EUR,1,ACT/ACT
AT0000A06P24,RAGB,15.9.2017,0.043,21.9.2007,15.9.2007,15.9.2008,100,EUR,1,ACT/ACT
AT0000A08968,RAGB,15.3.2019,0.0435,15.1.2008,15.3.2007,15.3.2008,100,EUR,1,ACT/ACT
AT0000A0CL73,RAGB,20.10.2014,0.034,15.1.2009,15.1.2009,20.10.2009,100,EUR,1,ACT/ACT
AT0000383864,RAGB,15.7.2027,0.0625,11.7.1997,15.7.1997,15.7.1998,100,EUR,1,ACT/ACT
FI0001005167,RFGB,23.2.2011,0.0575,23.2.2000,23.2.2000,23.2.2001,100,EUR,1,ACT/ACT
FI0001005407,RFGB,4.7.2013,0.05375,2.5.2002,2.5.2002,4.7.2002,100,EUR,1,ACT/ACT
FI0001005704,RFGB,4.7.2015,0.0425,4.5.2004,4.5.2004,4.7.2004,100,EUR,1,ACT/ACT
FI0001005878,RFGB,15.9.2010,0.0275,25.5.2005,25.5.2005,15.9.2005,100,EUR,1,ACT/ACT
FI0001006066,RFGB,15.9.2017,0.03875,30.5.2006,30.5.2006,15.9.2006,100,EUR,1,ACT/ACT
FI0001006165,RFGB,15.9.2012,0.0425,31.5.2007,31.5.2007,15.9.2007,100,EUR,1,ACT/ACT
FI0001006306,RFGB,4.7.2019,0.04375,28.4.2008,28.4.2008,4.7.2008,100,EUR,1,ACT/ACT
FI0001006462,RFGB,15.9.2014,0.03125,23.3.2009,23.3.2009,15.9.2009,100,EUR,1,ACT/ACT
RU0001707572,RFLB,2.11.2012,0.06,11.12.2002,11.12.2002,5.11.2003,100,RUB,1,ACT/365
RU0002867581,RFLB,8.8.2012,0.09,5.2.2003,5.2.2003,20.8.2003,100,RUB,2,ACT/365
RU0002868076,RFLB,29.8.2018,0.09,5.3.2003,5.3.2003,17.9.2003,100,RUB,2,ACT/365
RU0002867615,RFLB,14.7.2010,0.1,10.6.2003,14.2.2003,23.7.2003,100,RUB,2,ACT/365
RU000A0DY8K8,RFLB,3.8.2016,0.08,16.2.2005,16.2.2005,18.5.2005,100,RUB,4,ACT/365
RU000A0D0G29,RFLB,24.11.2021,0.085,16.3.2005,16.3.2005,15.6.2005,100,RUB,4,ACT/365
RU000A0GMSX0,RFLB,19.1.2011,0.061,25.1.2006,25.1.2006,26.4.2006,100,RUB,4,ACT/365
RU000A0GN9A7,RFLB,6.2.1936,0.069,15.2.2006,15.2.2006,16.8.2006,100,RUB,2,ACT/365
RU000A0JNHJ4,RFLB,20.3.2019,0,28.12.2005,28.12.2005,5.4.2006,100,RUB,1,ACT/365
RU000A0JP0V7,RFLB,11.7.2012,0.061,17.1.2007,17.1.2007,18.4.2007,100,RUB,4,ACT/365
RU000A0JP2S9,RFLB,8.8.2018,0.075,21.2.2007,21.2.2007,22.8.2007,100,RUB,2,ACT/365
RU000A0JPLJ1,RFLB,17.7.2013,0.061,23.1.2008,23.1.2008,23.4.2008,100,RUB,4,ACT/365
ZAG000016320,SAGB,21.12.2026,0.105,1.4.1998,21.12.1997,21.6.1998,100,ZAR,2,ACT/365
ZAG000019878,SAGB,21.12.2014,0.0875,30.5.2003,21.12.2002,21.6.2003,100,ZAR,2,ACT/365
ZAG000021833,SAGB,15.9.2017,0.0825,7.5.2004,15.3.2004,15.9.2004,100,ZAR,2,ACT/365
ZAG000021841,SAGB,21.12.2018,0.08,13.8.2004,21.6.2004,21.12.2004,100,ZAR,2,ACT/365
ZAG000024720,SAGB,15.1.2014,0.075,15.7.2005,15.7.2005,15.1.2006,100,ZAR,2,ACT/365
ZAG000024738,SAGB,15.1.2020,0.0725,24.6.2005,15.1.2005,15.7.2005,100,ZAR,2,ACT/365
ZAG000030404,SAGB,31.3.1936,0.0625,21.7.2006,31.3.2006,30.9.2006,100,ZAR,2,ACT/365
ZAG000030396,SAGB,31.3.2021,0.0675,1.9.2006,31.3.2006,30.9.2006,100,ZAR,2,ACT/365
ZAG000010539,SAGB,31.8.2010,0.13,22.6.1989,22.6.1989,31.8.1989,100,ZAR,2,ACT/365
ZAG000010547,SAGB,15.9.2015,0.135,18.1.1991,18.1.1991,15.3.1991,100,ZAR,2,ACT/365
SE0000722852,SGB,15.3.2011,0.0525,13.11.2000,15.3.2000,15.3.2001,100,SEK,1,ISMA-30/360
SE0000909640,SGB,8.10.2012,0.055,18.3.2002,8.10.2001,8.10.2002,100,SEK,1,ISMA-30/360
SE0001149311,SGB,1.12.2020,0.05,2.2.2004,1.12.2003,1.12.2004,100,SEK,1,ISMA-30/360
SE0001250135,SGB,12.8.2015,0.045,6.9.2004,12.8.2004,12.8.2005,100,SEK,1,ISMA-30/360
SE0001517699,SGB,12.7.2016,0.03,19.9.2005,12.7.2005,12.7.2006,100,SEK,1,ISMA-30/360
SE0001811399,SGB,12.8.2017,0.0375,18.9.2006,12.8.2006,12.8.2007,100,SEK,1,ISMA-30/360
SE0002241083,SGB,12.3.2019,0.0425,26.11.2007,12.3.2007,12.3.2008,100,SEK,1,ISMA-30/360
SE0002829192,SGB,30.3.1939,0.035,30.3.2009,30.3.2009,30.3.2010,100,SEK,1,ISMA-30/360
SE0000412389,SGB,5.5.2014,0.0675,8.12.1997,5.5.1997,5.5.1998,100,SEK,1,ISMA-30/360
IL0092680383,SHAHAR,29.4.2011,0.07,17.5.2001,1.5.2001,30.4.2002,100,ILS,1,ACT/365
IL0092681373,SHAHAR,31.5.2012,0.1,25.6.2002,1.6.2002,30.5.2003,100,ILS,1,ACT/365
IL0092682363,SHAHAR,31.3.2014,0.075,29.4.2004,1.4.2004,31.3.2005,100,ILS,1,ACT/365
IL0092683353,SHAHAR,31.1.2016,0.065,7.2.2006,1.2.2006,31.1.2007,100,ILS,1,ACT/365
SG4926884703,SIGB,1.7.2010,0.04625,3.7.2000,3.7.2000,1.1.2001,100,SGD,2,ACT/ACT
SG5080889057,SIGB,1.7.2011,0.03625,2.7.2001,2.7.2001,1.1.2002,100,SGD,2,ACT/ACT
SG5081889064,SIGB,1.9.2016,0.0375,3.9.2001,3.9.2001,1.3.2002,100,SGD,2,ACT/ACT
SG5305894650,SIGB,1.7.2012,0.035,1.7.2002,1.7.2002,1.1.2003,100,SGD,2,ACT/ACT
SG5857905953,SIGB,1.7.2013,0.0225,1.7.2003,1.7.2003,1.1.2004,100,SGD,2,ACT/ACT
SG5856905947,SIGB,1.9.2018,0.04,1.9.2003,1.9.2003,1.3.2004,100,SGD,2,ACT/ACT
SG7254912186,SIGB,1.7.2014,0.03625,1.7.2004,1.7.2004,1.1.2005,100,SGD,2,ACT/ACT
SG7928920854,SIGB,1.9.2020,0.0325,1.9.2005,1.9.2005,1.3.2006,100,SGD,2,ACT/ACT
SG7E27926983,SIGB,1.2.2011,0.03125,1.2.2006,1.2.2006,1.8.2006,100,SGD,2,ACT/ACT
SG7J60932174,SIGB,1.3.2027,0.035,1.3.2007,1.3.2007,1.9.2007,100,SGD,2,ACT/ACT
SG7J26931922,SIGB,1.4.2012,0.02625,2.4.2007,2.4.2007,1.10.2007,100,SGD,2,ACT/ACT
SG7J28931946,SIGB,1.9.2022,0.03125,3.9.2007,3.9.2007,1.3.2008,100,SGD,2,ACT/ACT
SG7J27931939,SIGB,1.10.2012,0.025,1.10.2007,1.10.2007,1.4.2008,100,SGD,2,ACT/ACT
SG7P26938168,SIGB,1.4.2013,0.01625,1.4.2008,1.4.2008,1.10.2008,100,SGD,2,ACT/ACT
SG7P27938175,SIGB,1.7.2015,0.02875,1.7.2008,1.7.2008,1.1.2009,100,SGD,2,ACT/ACT
SI0002102349,SLOREP,17.2.2016,0.04,17.1.2005,17.1.2005,17.2.2006,100,EUR,1,ACT/ACT
SI0002102794,SLOREP,6.2.2019,0.04375,6.2.2008,6.2.2008,6.2.2009,100,EUR,1,ACT/ACT
SI0002102919,SLOREP,5.2.2012,0.0425,5.2.2009,5.2.2009,5.2.2010,100,EUR,1,ACT/ACT
SI0002102935,SLOREP,2.4.2014,0.04375,2.4.2009,2.4.2009,2.4.2010,100,EUR,1,ACT/ACT
XS0192595873,SLOVAK,20.5.2014,0.045,20.5.2004,20.5.2004,20.5.2005,100,EUR,1,ACT/ACT
XS0249239830,SLOVAK,26.3.2021,0.04,27.3.2006,27.3.2006,26.3.2007,100,EUR,1,ACT/ACT
XS0299989813,SLOVAK,15.5.2017,0.04375,15.5.2007,15.5.2007,15.5.2008,100,EUR,1,ACT/ACT
XS0430015742,SLOVAK,21.1.2015,0.04375,21.5.2009,21.5.2009,21.1.2010,100,EUR,1,ACT/ACT
XS0292653994,SLOVEN,22.3.2018,0.04,22.3.2007,22.3.2007,22.3.2008,100,EUR,1,ACT/ACT
SK4120004227,SLOVGB,11.2.2014,0.049,11.2.2004,11.2.2004,11.2.2005,100,EUR,1,ISMA-30/360
SK4120004318,SLOVGB,12.5.2019,0.053,12.5.2004,12.5.2004,12.5.2005,100,EUR,1,ISMA-30/360
SK4120005372,SLOVGB,4.4.2017,0.042,4.4.2007,4.4.2007,4.4.2008,100,EUR,1,ACT/ACT
ES0000012098,SPGB,30.7.2014,0.0475,7.12.1998,30.7.1999,30.7.2000,100,EUR,1,ACT/ACT
ES0000012387,SPGB,30.7.2011,0.054,19.9.2000,30.7.2001,30.7.2002,100,EUR,1,ACT/ACT
ES0000012411,SPGB,30.7.1932,0.0575,23.1.2001,30.7.2002,30.7.2003,100,EUR,1,ACT/ACT
ES0000012452,SPGB,31.10.2011,0.0535,12.6.2001,31.10.2001,31.10.2002,100,EUR,1,ACT/ACT
ES0000012783,SPGB,30.7.2017,0.055,11.3.2002,11.3.2002,30.7.2002,100,EUR,1,ACT/ACT
ES0000012791,SPGB,30.7.2012,0.05,14.5.2002,30.7.2002,30.7.2003,100,EUR,1,ACT/ACT
ES0000012866,SPGB,30.7.2013,0.042,15.4.2003,15.4.2003,30.7.2003,100,EUR,1,ACT/ACT
ES0000012916,SPGB,31.1.2015,0.044,28.6.2004,28.6.2004,31.1.2005,100,EUR,1,ACT/ACT
ES0000012932,SPGB,31.1.1937,0.042,17.1.2005,31.1.2005,31.1.2006,100,EUR,1,ACT/ACT
ES00000120E9,SPGB,30.7.2010,0.0325,12.4.2005,12.4.2005,30.7.2005,100,EUR,1,ACT/ACT
ES00000120G4,SPGB,31.1.2016,0.0315,20.9.2005,20.9.2005,31.1.2006,100,EUR,1,ACT/ACT
ES00000120J8,SPGB,31.1.2017,0.038,18.10.2006,18.10.2006,31.1.2007,100,EUR,1,ACT/ACT
ES00000120L4,SPGB,31.10.2012,0.039,16.1.2007,16.1.2007,31.10.2007,100,EUR,1,ACT/ACT
ES00000120N0,SPGB,30.7.1940,0.049,20.6.2007,20.6.2007,30.7.2007,100,EUR,1,ACT/ACT
ES00000120Z4,SPGB,30.4.2011,0.041,15.1.2008,15.1.2008,30.4.2008,100,EUR,1,ACT/ACT
ES00000121A5,SPGB,30.7.2018,0.041,19.2.2008,19.2.2008,30.7.2008,100,EUR,1,ACT/ACT
ES00000121G2,SPGB,31.1.2024,0.048,16.9.2008,16.9.2008,31.1.2009,100,EUR,1,ACT/ACT
ES00000121H0,SPGB,31.1.2014,0.0425,7.10.2008,7.10.2008,31.1.2009,100,EUR,1,ACT/ACT
ES00000121I8,SPGB,30.4.2012,0.0275,13.1.2009,13.1.2009,30.4.2009,100,EUR,1,ACT/ACT
ES00000121L2,SPGB,30.7.2019,0.046,10.2.2009,10.2.2009,30.7.2009,100,EUR,1,ACT/ACT
ES0000011595,SPGB,28.2.2012,0.087,15.7.1996,28.2.1997,28.2.1998,100,EUR,1,ACT/ACT NON-EOM
ES0000011660,SPGB,31.1.2013,0.0615,15.7.1997,31.1.1998,31.1.1999,100,EUR,1,ACT/ACT
ES0000011868,SPGB,31.1.2029,0.06,15.1.1998,31.1.1999,31.1.2000,100,EUR,1,ACT/ACT
CH0009755197,SWISS,6.1.1949,0.04,6.1.1999,6.1.1999,6.1.2000,100,CHF,1,GERMAN:30/360
CH0008055649,SWISS,10.6.2012,0.0275,10.6.1999,10.6.1999,10.6.2000,100,CHF,1,GERMAN:30/360
CH0010379300,SWISS,11.2.2013,0.04,11.2.2000,11.2.2000,11.2.2001,100,CHF,1,GERMAN:30/360
CH0010840897,SWISS,10.6.2011,0.04,13.6.2000,13.6.2000,10.6.2001,100,CHF,1,GERMAN:30/360
CH0012385586,SWISS,10.6.2015,0.0375,11.6.2001,11.6.2001,10.6.2002,100,CHF,1,GERMAN:30/360
CH0015221663,SWISS,8.1.2018,0.03,8.1.2003,8.1.2003,8.1.2004,100,CHF,1,GERMAN:30/360
CH0015633453,SWISS,12.3.2016,0.025,12.3.2003,12.3.2003,12.3.2004,100,CHF,1,GERMAN:30/360
CH0015803239,SWISS,8.4.1933,0.035,8.4.2003,8.4.2003,8.4.2004,100,CHF,1,GERMAN:30/360
CH0018454253,SWISS,12.5.2019,0.03,12.5.2004,12.5.2004,12.5.2005,100,CHF,1,GERMAN:30/360
CH0021908907,SWISS,6.7.2020,0.0225,6.7.2005,6.7.2005,6.7.2006,100,CHF,1,GERMAN:30/360
CH0008680370,SWISS,8.4.2028,0.04,8.4.1998,8.4.1998,8.4.1999,100,CHF,1,GERMAN:30/360
CH0022859612,SWISS,12.10.2016,0.02,12.10.2005,12.10.2005,12.10.2006,100,CHF,1,GERMAN:30/360
CH0023139816,SWISS,9.11.2014,0.02,9.11.2005,9.11.2005,9.11.2006,100,CHF,1,GERMAN:30/360
CH0024524966,SWISS,8.3.1936,0.025,8.3.2006,8.3.2006,8.3.2007,100,CHF,1,GERMAN:30/360
CH0031835561,SWISS,27.6.2027,0.0325,27.6.2007,27.6.2007,27.6.2008,100,CHF,1,GERMAN:30/360
CH0001480083,SWISS,6.1.2014,0.0425,6.1.1994,6.1.1994,6.1.1995,100,CHF,1,GERMAN:30/360
CH0006448424,SWISS,5.6.2017,0.0425,5.6.1997,5.6.1997,5.6.1998,100,CHF,1,GERMAN:30/360
CH0006809906,SWISS,7.8.2010,0.035,7.8.1997,7.8.1997,7.8.1998,100,CHF,1,GERMAN:30/360
CH0008435569,SWISS,11.2.2023,0.04,11.2.1998,11.2.1998,11.2.1999,100,CHF,1,GERMAN:30/360
US912810DN55,T,15.11.2014,0.1175,15.11.1984,15.11.1984,15.5.1985,100,USD,2,ACT/ACT
US912810DP04,T,15.2.2015,0.1125,15.2.1985,15.2.1985,15.8.1985,100,USD,2,ACT/ACT
US912810DS43,T,15.8.2015,0.10625,15.8.1985,15.8.1985,15.2.1986,100,USD,2,ACT/ACT
US912810DT26,T,15.11.2015,0.09875,29.11.1985,15.11.1985,15.5.1986,100,USD,2,ACT/ACT
US912810DV71,T,15.2.2016,0.0925,18.2.1986,15.2.1986,15.8.1986,100,USD,2,ACT/ACT
US912810DW54,T,15.5.2016,0.0725,15.5.1986,15.5.1986,15.11.1986,100,USD,2,ACT/ACT
US912810DX38,T,15.11.2016,0.075,15.11.1986,15.11.1986,15.5.1987,100,USD,2,ACT/ACT
US912810DY11,T,15.5.2017,0.0875,15.5.1987,15.5.1987,15.11.1987,100,USD,2,ACT/ACT
US912810DZ85,T,15.8.2017,0.08875,15.8.1987,15.8.1987,15.2.1988,100,USD,2,ACT/ACT
US912810EA26,T,15.5.2018,0.09125,15.5.1988,15.5.1988,15.11.1988,100,USD,2,ACT/ACT
US912810EB09,T,15.11.2018,0.09,22.11.1988,15.11.1988,15.5.1989,100,USD,2,ACT/ACT
US912810EC81,T,15.2.2019,0.08875,15.2.1989,15.2.1989,15.8.1989,100,USD,2,ACT/ACT
US912810ED64,T,15.8.2019,0.08125,15.8.1989,15.8.1989,15.2.1990,100,USD,2,ACT/ACT
US912810EE48,T,15.2.2020,0.085,15.2.1990,15.2.1990,15.8.1990,100,USD,2,ACT/ACT
US912810EF13,T,15.5.2020,0.0875,15.5.1990,15.5.1990,15.11.1990,100,USD,2,ACT/ACT
US912810EG95,T,15.8.2020,0.0875,15.8.1990,15.8.1990,15.2.1991,100,USD,2,ACT/ACT
US912810EH78,T,15.2.2021,0.07875,15.2.1991,15.2.1991,15.8.1991,100,USD,2,ACT/ACT
US912810EJ35,T,15.5.2021,0.08125,15.5.1991,15.5.1991,15.11.1991,100,USD,2,ACT/ACT
US912810EK08,T,15.8.2021,0.08125,15.8.1991,15.8.1991,15.2.1992,100,USD,2,ACT/ACT
US912810EL80,T,15.11.2021,0.08,15.11.1991,15.11.1991,15.5.1992,100,USD,2,ACT/ACT
US912810EM63,T,15.8.2022,0.0725,17.8.1992,15.8.1992,15.2.1993,100,USD,2,ACT/ACT
US912810EN47,T,15.11.2022,0.07625,16.11.1992,15.11.1992,15.5.1993,100,USD,2,ACT/ACT
US912810EP94,T,15.2.2023,0.07125,16.2.1993,15.2.1993,15.8.1993,100,USD,2,ACT/ACT
US912810EQ77,T,15.8.2023,0.0625,16.8.1993,15.8.1993,15.2.1994,100,USD,2,ACT/ACT
US912810ES34,T,15.11.2024,0.075,15.8.1994,15.8.1994,15.11.1994,100,USD,2,ACT/ACT
US912810ET17,T,15.2.2025,0.07625,15.2.1995,15.2.1995,15.8.1995,100,USD,2,ACT/ACT
US912810EV62,T,15.8.2025,0.06875,15.8.1995,15.8.1995,15.2.1996,100,USD,2,ACT/ACT
US912810EW46,T,15.2.2026,0.06,15.2.1996,15.2.1996,15.8.1996,100,USD,2,ACT/ACT
US912810EX29,T,15.8.2026,0.0675,15.8.1996,15.8.1996,15.2.1997,100,USD,2,ACT/ACT
US912810EY02,T,15.11.2026,0.065,15.11.1996,15.11.1996,15.5.1997,100,USD,2,ACT/ACT
US912810EZ76,T,15.2.2027,0.06625,18.2.1997,15.2.1997,15.8.1997,100,USD,2,ACT/ACT
US912810FA17,T,15.8.2027,0.06375,15.8.1997,15.8.1997,15.2.1998,100,USD,2,ACT/ACT
US912810FB99,T,15.11.2027,0.06125,17.11.1997,15.11.1997,15.5.1998,100,USD,2,ACT/ACT
US912810FE39,T,15.8.2028,0.055,17.8.1998,15.8.1998,15.2.1999,100,USD,2,ACT/ACT
US912810FF04,T,15.11.2028,0.0525,16.11.1998,15.11.1998,15.5.1999,100,USD,2,ACT/ACT
US912810FG86,T,15.2.2029,0.0525,16.2.1999,15.2.1999,15.8.1999,100,USD,2,ACT/ACT
US912810FJ26,T,15.8.2029,0.06125,16.8.1999,15.8.1999,15.2.2000,100,USD,2,ACT/ACT
US912810FM54,T,15.5.1930,0.0625,15.2.2000,15.11.1999,15.5.2000,100,USD,2,ACT/ACT
US912810FP85,T,15.2.1931,0.05375,15.2.2001,15.2.2001,15.8.2001,100,USD,2,ACT/ACT
US912810FT08,T,15.2.1936,0.045,15.2.2006,15.2.2006,15.8.2006,100,USD,2,ACT/ACT
US912810PT97,T,15.2.1937,0.0475,15.2.2007,15.2.2007,15.8.2007,100,USD,2,ACT/ACT
US912810PU60,T,15.5.1937,0.05,15.8.2007,15.5.2007,15.11.2007,100,USD,2,ACT/ACT
US912810PW27,T,15.2.1938,0.04375,15.2.2008,15.2.2008,15.8.2008,100,USD,2,ACT/ACT
US912810PX00,T,15.5.1938,0.045,15.8.2008,15.5.2008,15.11.2008,100,USD,2,ACT/ACT
US912810QA97,T,15.2.1939,0.035,17.2.2009,15.2.2009,15.8.2009,100,USD,2,ACT/ACT
US912810QB70,T,15.5.1939,0.0425,15.5.2009,15.5.2009,15.11.2009,100,USD,2,ACT/ACT
US9128276J61,T,15.8.2010,0.0575,15.8.2000,15.8.2000,15.2.2001,100,USD,2,ACT/ACT
US9128276T44,T,15.2.2011,0.05,15.2.2001,15.2.2001,15.8.2001,100,USD,2,ACT/ACT
US9128277B27,T,15.8.2011,0.05,15.8.2001,15.8.2001,15.2.2002,100,USD,2,ACT/ACT
US9128277L09,T,15.2.2012,0.04875,15.2.2002,15.2.2002,15.8.2002,100,USD,2,ACT/ACT
US912828AJ96,T,15.8.2012,0.04375,15.8.2002,15.8.2002,15.2.2003,100,USD,2,ACT/ACT
US912828AP56,T,15.11.2012,0.04,15.11.2002,15.11.2002,15.5.2003,100,USD,2,ACT/ACT
US912828AU42,T,15.2.2013,0.03875,18.2.2003,15.2.2003,15.8.2003,100,USD,2,ACT/ACT
US912828BA78,T,15.5.2013,0.03625,15.5.2003,15.5.2003,15.11.2003,100,USD,2,ACT/ACT
US912828BH22,T,15.8.2013,0.0425,15.8.2003,15.8.2003,15.2.2004,100,USD,2,ACT/ACT
US912828BR04,T,15.11.2013,0.0425,17.11.2003,15.11.2003,15.5.2004,100,USD,2,ACT/ACT
US912828CA69,T,15.2.2014,0.04,17.2.2004,15.2.2004,15.8.2004,100,USD,2,ACT/ACT
US912828CJ78,T,15.5.2014,0.0475,17.5.2004,15.5.2004,15.11.2004,100,USD,2,ACT/ACT
US912828CT50,T,15.8.2014,0.0425,16.8.2004,15.8.2004,15.2.2005,100,USD,2,ACT/ACT
US912828DC17,T,15.11.2014,0.0425,15.11.2004,15.11.2004,15.5.2005,100,USD,2,ACT/ACT
US912828DM98,T,15.2.2015,0.04,15.2.2005,15.2.2005,15.8.2005,100,USD,2,ACT/ACT
US912828DV97,T,15.5.2015,0.04125,16.5.2005,15.5.2005,15.11.2005,100,USD,2,ACT/ACT
US912828DX53,T,15.6.2010,0.03625,15.6.2005,15.6.2005,15.12.2005,100,USD,2,ACT/ACT
US912828DZ02,T,15.7.2010,0.03875,15.7.2005,15.7.2005,15.1.2006,100,USD,2,ACT/ACT
US912828ED80,T,15.8.2010,0.04125,15.8.2005,15.8.2005,15.2.2006,100,USD,2,ACT/ACT
US912828EE63,T,15.8.2015,0.0425,15.8.2005,15.8.2005,15.2.2006,100,USD,2,ACT/ACT
US912828EG12,T,15.9.2010,0.03875,15.9.2005,15.9.2005,15.3.2006,100,USD,2,ACT/ACT
US912828EJ50,T,15.10.2010,0.0425,17.10.2005,15.10.2005,15.4.2006,100,USD,2,ACT/ACT
US912828EM89,T,15.11.2010,0.045,15.11.2005,15.11.2005,15.5.2006,100,USD,2,ACT/ACT
US912828EN62,T,15.11.2015,0.045,15.11.2005,15.11.2005,15.5.2006,100,USD,2,ACT/ACT
US912828EQ93,T,15.12.2010,0.04375,15.12.2005,15.12.2005,15.6.2006,100,USD,2,ACT/ACT
US912828ES59,T,15.1.2011,0.0425,17.1.2006,15.1.2006,15.7.2006,100,USD,2,ACT/ACT
US912828EW61,T,15.2.2016,0.045,15.2.2006,15.2.2006,15.8.2006,100,USD,2,ACT/ACT
US912828EX45,T,28.2.2011,0.045,28.2.2006,28.2.2006,31.8.2006,100,USD,2,ACT/ACT
US912828FA33,T,31.3.2011,0.0475,31.3.2006,31.3.2006,30.9.2006,100,USD,2,ACT/ACT
US912828FD71,T,30.4.2011,0.04875,1.5.2006,30.4.2006,31.10.2006,100,USD,2,ACT/ACT
US912828FF20,T,15.5.2016,0.05125,15.5.2006,15.5.2006,15.11.2006,100,USD,2,ACT/ACT
US912828FH85,T,31.5.2011,0.04875,31.5.2006,31.5.2006,30.11.2006,100,USD,2,ACT/ACT
US912828FK15,T,30.6.2011,0.05125,30.6.2006,30.6.2006,31.12.2006,100,USD,2,ACT/ACT
US912828FN53,T,31.7.2011,0.04875,31.7.2006,31.7.2006,31.1.2007,100,USD,2,ACT/ACT
US912828FQ84,T,15.8.2016,0.04875,15.8.2006,15.8.2006,15.2.2007,100,USD,2,ACT/ACT
US912828FS41,T,31.8.2011,0.04625,31.8.2006,31.8.2006,28.2.2007,100,USD,2,ACT/ACT
US912828FU96,T,30.9.2011,0.045,2.10.2006,30.9.2006,31.3.2007,100,USD,2,ACT/ACT
US912828FW52,T,31.10.2011,0.04625,31.10.2006,31.10.2006,30.4.2007,100,USD,2,ACT/ACT
US912828FY19,T,15.11.2016,0.04625,15.11.2006,15.11.2006,15.5.2007,100,USD,2,ACT/ACT
US912828GA24,T,30.11.2011,0.045,30.11.2006,30.11.2006,31.5.2007,100,USD,2,ACT/ACT
US912828GC89,T,31.12.2011,0.04625,2.1.2007,31.12.2006,30.6.2007,100,USD,2,ACT/ACT
US912828GF11,T,31.1.2012,0.0475,31.1.2007,31.1.2007,31.7.2007,100,USD,2,ACT/ACT
US912828GH76,T,15.2.2017,0.04625,15.2.2007,15.2.2007,15.8.2007,100,USD,2,ACT/ACT
US912828GK06,T,29.2.2012,0.04625,28.2.2007,28.2.2007,31.8.2007,100,USD,2,ACT/ACT
US912828GM61,T,31.3.2012,0.045,2.4.2007,31.3.2007,30.9.2007,100,USD,2,ACT/ACT
US912828GQ75,T,30.4.2012,0.045,30.4.2007,30.4.2007,31.10.2007,100,USD,2,ACT/ACT
US912828GS32,T,15.5.2017,0.045,15.5.2007,15.5.2007,15.11.2007,100,USD,2,ACT/ACT
US912828GU87,T,31.5.2012,0.0475,31.5.2007,31.5.2007,30.11.2007,100,USD,2,ACT/ACT
US912828GW44,T,30.6.2012,0.04875,2.7.2007,30.6.2007,31.12.2007,100,USD,2,ACT/ACT
US912828GZ74,T,31.7.2012,0.04625,31.7.2007,31.7.2007,31.1.2008,100,USD,2,ACT/ACT
US912828HA15,T,15.8.2017,0.0475,15.8.2007,15.8.2007,15.2.2008,100,USD,2,ACT/ACT
US912828HC70,T,31.8.2012,0.04125,31.8.2007,31.8.2007,29.2.2008,100,USD,2,ACT/ACT
US912828HE37,T,30.9.2012,0.0425,1.10.2007,30.9.2007,31.3.2008,100,USD,2,ACT/ACT
US912828HG84,T,31.10.2012,0.03875,31.10.2007,31.10.2007,30.4.2008,100,USD,2,ACT/ACT
US912828HH67,T,15.11.2017,0.0425,15.11.2007,15.11.2007,15.5.2008,100,USD,2,ACT/ACT
US912828HK96,T,30.11.2012,0.03375,30.11.2007,30.11.2007,31.5.2008,100,USD,2,ACT/ACT
US912828HM52,T,31.12.2012,0.03625,31.12.2007,31.12.2007,30.6.2008,100,USD,2,ACT/ACT
US912828HQ66,T,31.1.2013,0.02875,31.1.2008,31.1.2008,31.7.2008,100,USD,2,ACT/ACT
US912828HR40,T,15.2.2018,0.035,15.2.2008,15.2.2008,15.8.2008,100,USD,2,ACT/ACT
US912828HT06,T,28.2.2013,0.0275,29.2.2008,29.2.2008,31.8.2008,100,USD,2,ACT/ACT
US912828HV51,T,31.3.2013,0.025,31.3.2008,31.3.2008,30.9.2008,100,USD,2,ACT/ACT
US912828HY90,T,30.4.2013,0.03125,30.4.2008,30.4.2008,31.10.2008,100,USD,2,ACT/ACT
US912828HZ65,T,15.5.2018,0.03875,15.5.2008,15.5.2008,15.11.2008,100,USD,2,ACT/ACT
US912828JA96,T,31.5.2010,0.02625,2.6.2008,31.5.2008,30.11.2008,100,USD,2,ACT/ACT
US912828JB79,T,31.5.2013,0.035,2.6.2008,31.5.2008,30.11.2008,100,USD,2,ACT/ACT
US912828JC52,T,30.6.2010,0.02875,30.6.2008,30.6.2008,31.12.2008,100,USD,2,ACT/ACT
US912828JD36,T,30.6.2013,0.03375,30.6.2008,30.6.2008,31.12.2008,100,USD,2,ACT/ACT
US912828JF83,T,31.7.2010,0.0275,31.7.2008,31.7.2008,31.1.2009,100,USD,2,ACT/ACT
US912828JG66,T,31.7.2013,0.03375,31.7.2008,31.7.2008,31.1.2009,100,USD,2,ACT/ACT
US912828JH40,T,15.8.2018,0.04,15.8.2008,15.8.2008,15.2.2009,100,USD,2,ACT/ACT
US912828JJ06,T,31.8.2010,0.02375,2.9.2008,31.8.2008,28.2.2009,100,USD,2,ACT/ACT
US912828JK78,T,31.8.2013,0.03125,2.9.2008,31.8.2008,28.2.2009,100,USD,2,ACT/ACT
US912828JL51,T,30.9.2010,0.02,30.9.2008,30.9.2008,31.3.2009,100,USD,2,ACT/ACT
US912828JM35,T,30.9.2013,0.03125,30.9.2008,30.9.2008,31.3.2009,100,USD,2,ACT/ACT
US912828JP65,T,31.10.2010,0.015,31.10.2008,31.10.2008,30.4.2009,100,USD,2,ACT/ACT
US912828JQ49,T,31.10.2013,0.0275,31.10.2008,31.10.2008,30.4.2009,100,USD,2,ACT/ACT
US912828JR22,T,15.11.2018,0.0375,17.11.2008,15.11.2008,15.5.2009,100,USD,2,ACT/ACT
US912828JS05,T,30.11.2010,0.0125,1.12.2008,30.11.2008,31.5.2009,100,USD,2,ACT/ACT
US912828JT87,T,30.11.2013,0.02,1.12.2008,30.11.2008,31.5.2009,100,USD,2,ACT/ACT
US912828JU50,T,15.11.2011,0.0175,17.11.2008,15.11.2008,15.5.2009,100,USD,2,ACT/ACT
US912828JV34,T,31.12.2010,0.00875,31.12.2008,31.12.2008,30.6.2009,100,USD,2,ACT/ACT
US912828JW17,T,31.12.2013,0.015,31.12.2008,31.12.2008,30.6.2009,100,USD,2,ACT/ACT
US912828JY72,T,31.1.2011,0.00875,2.2.2009,31.1.2009,31.7.2009,100,USD,2,ACT/ACT
US912828JZ48,T,31.1.2014,0.0175,2.2.2009,31.1.2009,31.7.2009,100,USD,2,ACT/ACT
US912828KA77,T,15.12.2011,0.01125,15.12.2008,15.12.2008,15.6.2009,100,USD,2,ACT/ACT
US912828KB50,T,15.1.2012,0.01125,15.1.2009,15.1.2009,15.7.2009,100,USD,2,ACT/ACT
US912828KC34,T,15.2.2012,0.01375,17.2.2009,15.2.2009,15.8.2009,100,USD,2,ACT/ACT
US912828KD17,T,15.2.2019,0.0275,17.2.2009,15.2.2009,15.8.2009,100,USD,2,ACT/ACT
US912828KE99,T,28.2.2011,0.00875,2.3.2009,28.2.2009,31.8.2009,100,USD,2,ACT/ACT
US912828KF64,T,28.2.2014,0.01875,2.3.2009,28.2.2009,31.8.2009,100,USD,2,ACT/ACT
US912828KG48,T,15.3.2012,0.01375,16.3.2009,15.3.2009,15.9.2009,100,USD,2,ACT/ACT
US912828KH21,T,31.3.2011,0.00875,31.3.2009,31.3.2009,30.9.2009,100,USD,2,ACT/ACT
US912828KJ86,T,31.3.2014,0.0175,31.3.2009,31.3.2009,30.9.2009,100,USD,2,ACT/ACT
US912828KK59,T,15.4.2012,0.01375,15.4.2009,15.4.2009,15.10.2009,100,USD,2,ACT/ACT
US912828KL33,T,30.4.2011,0.00875,30.4.2009,30.4.2009,31.10.2009,100,USD,2,ACT/ACT
US912828KN98,T,30.4.2014,0.01875,30.4.2009,30.4.2009,31.10.2009,100,USD,2,ACT/ACT
US912828KP47,T,15.5.2012,0.01375,15.5.2009,15.5.2009,15.11.2009,100,USD,2,ACT/ACT
US912828KQ20,T,15.5.2019,0.03125,15.5.2009,15.5.2009,15.11.2009,100,USD,2,ACT/ACT
US912828KR03,T,30.4.2016,0.02625,30.4.2009,30.4.2009,31.10.2009,100,USD,2,ACT/ACT
US912828KS85,T,29.2.2016,0.02625,2.3.2009,28.2.2009,31.8.2009,100,USD,2,ACT/ACT
US912828KT68,T,31.3.2016,0.02375,31.3.2009,31.3.2009,30.9.2009,100,USD,2,ACT/ACT
TW000A881029,TGB,24.11.2018,0.055,24.11.1998,24.11.1998,24.11.1999,100,TWD,1,ACT/ACT
TW000A881037,TGB,22.1.2019,0.0525,22.1.1999,22.1.1999,22.1.2000,100,TWD,1,ACT/ACT
TW000A882019,TGB,23.4.2019,0.05875,23.4.1999,23.4.1999,23.4.2000,100,TWD,1,ACT/ACT
TW000A891036,TGB,28.9.2014,0.06125,28.9.1999,28.9.1999,28.9.2000,100,TWD,1,ACT/ACT
TW000A891044,TGB,15.10.2014,0.06125,15.10.1999,15.10.1999,15.10.2000,100,TWD,1,ACT/ACT
TW000A891077,TGB,18.1.2020,0.0625,18.1.2000,18.1.2000,18.1.2001,100,TWD,1,ACT/ACT
TW000A891093,TGB,14.3.2015,0.06125,14.3.2000,14.3.2000,14.3.2001,100,TWD,1,ACT/ACT
TW000A891101,TGB,16.6.2010,0.0575,16.6.2000,16.6.2000,16.6.2001,100,TWD,1,ACT/ACT
TW000A892018,TGB,21.4.2020,0.05875,21.4.2000,21.4.2000,21.4.2001,100,TWD,1,ACT/ACT
TW000A891119,TGB,11.8.2015,0.05125,11.8.2000,11.8.2000,11.8.2001,100,TWD,1,ACT/ACT
TW000A891135,TGB,14.11.2020,0.05375,14.11.2000,14.11.2000,14.11.2001,100,TWD,1,ACT/ACT
TW000A891143,TGB,15.12.2010,0.05125,15.12.2000,15.12.2000,15.12.2001,100,TWD,1,ACT/ACT
TW000A901017,TGB,9.1.2011,0.05125,9.1.2001,9.1.2001,9.1.2002,100,TWD,1,ACT/ACT
TW000A901025,TGB,13.2.2021,0.05,13.2.2001,13.2.2001,13.2.2002,100,TWD,1,ACT/ACT
TW000A901033,TGB,6.3.2016,0.04625,6.3.2001,6.3.2001,6.3.2002,100,TWD,1,ACT/ACT
TW000A901041,TGB,8.5.2021,0.04625,8.5.2001,8.5.2001,8.5.2002,100,TWD,1,ACT/ACT
TW000A901058,TGB,17.7.1931,0.03625,17.7.2001,17.7.2001,17.7.2002,100,TWD,1,ACT/ACT
TW000A901066,TGB,7.8.2016,0.0375,7.8.2001,7.8.2001,7.8.2002,100,TWD,1,ACT/ACT
TW000A902015,TGB,11.9.2021,0.04,11.9.2001,11.9.2001,11.9.2002,100,TWD,1,ACT/ACT
TW000A901074,TGB,19.10.2016,0.035,19.10.2001,19.10.2001,19.10.2002,100,TWD,1,ACT/ACT
TW000A901082,TGB,13.11.2021,0.03875,13.11.2001,13.11.2001,13.11.2002,100,TWD,1,ACT/ACT
TW000A911032,TGB,5.2.2022,0.0425,5.2.2002,5.2.2002,5.2.2003,100,TWD,1,ACT/ACT
TW000A911040,TGB,8.3.2012,0.03625,8.3.2002,8.3.2002,8.3.2003,100,TWD,1,ACT/ACT
TW000A911073,TGB,16.8.2022,0.0375,16.8.2002,16.8.2002,16.8.2003,100,TWD,1,ACT/ACT
TW000A911081,TGB,10.9.2012,0.0325,10.9.2002,10.9.2002,10.9.2003,100,TWD,1,ACT/ACT
TW000A911115,TGB,17.12.2012,0.025,17.12.2002,17.12.2002,17.12.2003,100,TWD,1,ACT/ACT
TW000A921031,TGB,18.2.2023,0.025,18.2.2003,18.2.2003,18.2.2004,100,TWD,1,ACT/ACT
TW000A921049,TGB,7.3.2013,0.01875,7.3.2003,7.3.2003,7.3.2004,100,TWD,1,ACT/ACT
TW000A921072,TGB,19.9.2013,0.0275,19.9.2003,19.9.2003,19.9.2004,100,TWD,1,ACT/ACT
TW000A921106,TGB,5.12.2013,0.02875,5.12.2003,5.12.2003,5.12.2004,100,TWD,1,ACT/ACT
TW000A931030,TGB,10.2.2024,0.03,10.2.2004,10.2.2004,10.2.2005,100,TWD,1,ACT/ACT
TW000A931048,TGB,4.3.2014,0.02375,4.3.2004,4.3.2004,4.3.2005,100,TWD,1,ACT/ACT
TW000A931063,TGB,27.5.1934,0.03875,27.5.2004,27.5.2004,27.5.2005,100,TWD,1,ACT/ACT
TW000A931089,TGB,15.9.2014,0.02625,15.9.2004,15.9.2004,15.9.2005,100,TWD,1,ACT/ACT
TW000A931097,TGB,18.11.2024,0.03,18.11.2004,18.11.2004,18.11.2005,100,TWD,1,ACT/ACT
TW000A941039,TGB,25.2.2025,0.02375,25.2.2005,25.2.2005,25.2.2006,100,TWD,1,ACT/ACT
TW000A941047,TGB,16.3.2015,0.0225,16.3.2005,16.3.2005,16.3.2006,100,TWD,1,ACT/ACT
TW000A941054,TGB,13.5.2020,0.0225,13.5.2005,13.5.2005,13.5.2006,100,TWD,1,ACT/ACT
TW000A941062,TGB,20.7.2010,0.02,20.7.2005,20.7.2005,20.7.2006,100,TWD,1,ACT/ACT
TW000A941070,TGB,12.9.2015,0.01625,12.9.2005,12.9.2005,12.9.2006,100,TWD,1,ACT/ACT
TW000A941088,TGB,16.11.2020,0.02,16.11.2005,16.11.2005,16.11.2006,100,TWD,1,ACT/ACT
TW000A951012,TGB,6.1.2011,0.0175,6.1.2006,6.1.2006,6.1.2007,100,TWD,1,ACT/ACT
TW000A951020,TGB,24.2.2026,0.01875,24.2.2006,24.2.2006,24.2.2007,100,TWD,1,ACT/ACT
TW000A951038,TGB,31.3.2016,0.0175,31.3.2006,31.3.2006,31.3.2007,100,TWD,1,ACT/ACT
TW000A951053,TGB,20.7.2011,0.02,20.7.2006,20.7.2006,20.7.2007,100,TWD,1,ACT/ACT
TW000A951061,TGB,8.9.2016,0.01875,8.9.2006,8.9.2006,8.9.2007,100,TWD,1,ACT/ACT
TW000A951079,TGB,10.11.2026,0.02125,10.11.2006,10.11.2006,10.11.2007,100,TWD,1,ACT/ACT
TW000A961011,TGB,26.1.2012,0.01875,26.1.2007,26.1.2007,26.1.2008,100,TWD,1,ACT/ACT
TW000A961029,TGB,14.2.2027,0.02,14.2.2007,14.2.2007,14.2.2008,100,TWD,1,ACT/ACT
TW000A961037,TGB,16.3.2017,0.01875,16.3.2007,16.3.2007,16.3.2008,100,TWD,1,ACT/ACT
TW000A961052,TGB,20.7.2012,0.02,20.7.2007,20.7.2007,20.7.2008,100,TWD,1,ACT/ACT
TW000A961060,TGB,21.9.2017,0.02375,21.9.2007,21.9.2007,21.9.2008,100,TWD,1,ACT/ACT
TW000A962019,TGB,19.10.2012,0.02625,19.10.2007,19.10.2007,19.10.2008,100,TWD,1,ACT/ACT
TW000A961078,TGB,16.11.2027,0.03,16.11.2007,16.11.2007,16.11.2008,100,TWD,1,ACT/ACT
TW000A971010,TGB,16.1.2013,0.02375,16.1.2008,16.1.2008,16.1.2009,100,TWD,1,ACT/ACT
TW000A971028,TGB,14.2.2028,0.025,14.2.2008,14.2.2008,14.2.2009,100,TWD,1,ACT/ACT
TW000A971036,TGB,14.3.2018,0.02375,14.3.2008,14.3.2008,14.3.2009,100,TWD,1,ACT/ACT
TW000A971044,TGB,20.7.2013,0.02,21.7.2008,20.7.2008,20.7.2009,100,TWD,1,ACT/ACT
TW000A971051,TGB,14.8.2028,0.02625,14.8.2008,14.8.2008,14.8.2009,100,TWD,1,ACT/ACT
TW000A971069,TGB,24.9.2018,0.02125,24.9.2008,24.9.2008,24.9.2009,100,TWD,1,ACT/ACT
TW000A981019,TGB,21.1.2014,0.00875,21.1.2009,21.1.2009,21.1.2010,100,TWD,1,ACT/ACT
TW000A981027,TGB,16.2.2029,0.02125,16.2.2009,16.2.2009,16.2.2010,100,TWD,1,ACT/ACT
TW000A981035,TGB,5.3.2019,0.01375,5.3.2009,5.3.2009,5.3.2010,100,TWD,1,ACT/ACT
TW000A854018,TGB,21.7.2010,0.0775,21.7.1995,21.7.1995,21.1.1996,100,TWD,2,ACT/ACT
TW000A843045,TGB,16.6.2010,0.08,16.6.1995,16.6.1995,16.12.1995,100,TWD,2,ACT/ACT
TW000A853051,TGB,25.8.2010,0.076,25.8.1995,25.8.1995,25.2.1996,100,TWD,2,ACT/ACT
TW000A854026,TGB,22.3.2011,0.073,22.3.1996,22.3.1996,22.3.1997,100,TWD,1,ACT/ACT
TW000A853069,TGB,22.9.2010,0.0735,22.9.1995,22.9.1995,22.3.1996,100,TWD,2,ACT/ACT
TW000A863092,TGB,23.8.2011,0.071,23.8.1996,23.8.1996,23.8.1997,100,TWD,1,ACT/ACT
TW000A863100,TGB,21.1.2012,0.069,21.1.1997,21.1.1997,21.1.1998,100,TWD,1,ACT/ACT
TW000A864033,TGB,11.3.2012,0.069,11.3.1997,11.3.1997,11.3.1998,100,TWD,1,ACT/ACT
TW000A871038,TGB,19.12.2012,0.06875,19.12.1997,19.12.1997,19.12.1998,100,TWD,1,ACT/ACT
TW000A872010,TGB,20.2.2013,0.06875,20.2.1998,20.2.1998,20.2.1999,100,TWD,1,ACT/ACT
TH062303O303,THAIGB,5.3.2014,0.0825,5.3.1999,5.3.1999,5.9.1999,100,THB,2,ACT/365
TH062303L309,THAIGB,5.3.2011,0.075,5.3.1999,5.3.1999,5.9.1999,100,THB,2,ACT/365
TH062303P706,THAIGB,7.7.2015,0.072,7.7.2000,7.7.2000,7.1.2001,100,THB,2,ACT/365
TH0623031406,THAIGB,9.4.2021,0.064,9.4.2001,9.4.2001,9.10.2001,100,THB,2,ACT/365
TH062303LB04,THAIGB,30.11.2011,0.05375,30.11.2001,30.11.2001,30.5.2002,100,THB,2,ACT/365 NON-EOM
TH062303R108,THAIGB,18.1.2017,0.055,18.1.2002,18.1.2002,18.7.2002,100,THB,2,ACT/365
TH062303MB03,THAIGB,1.11.2012,0.04125,1.11.2002,1.11.2002,1.5.2003,100,THB,2,ACT/365 NON-EOM
TH0623032B01,THAIGB,8.11.2022,0.05125,8.11.2002,8.11.2002,8.5.2003,100,THB,2,ACT/365 NON-EOM
TH062303S304,THAIGB,7.3.2018,0.03875,7.3.2003,7.3.2003,7.9.2003,100,THB,2,ACT/365
TH062303NA86,THAIGB,17.10.2013,0.04,17.10.2003,17.10.2003,17.4.2004,100,THB,2,ACT/365
TH062303L184,THAIGB,9.1.2011,0.03875,9.1.2004,9.1.2004,9.7.2004,100,THB,2,ACT/365
TH062303O501,THAIGB,14.5.2014,0.04875,14.5.2004,14.5.2004,14.11.2004,100,THB,2,ACT/365
TH062303K806,THAIGB,13.8.2010,0.0425,13.8.2004,13.8.2004,13.2.2005,100,THB,2,ACT/365
TH062303T807,THAIGB,13.8.2019,0.055,13.8.2004,13.8.2004,13.2.2005,100,THB,2,ACT/365
TH062303OC00,THAIGB,3.12.2014,0.05,3.12.2004,3.12.2004,3.6.2005,100,THB,2,ACT/365
TH062303TC05,THAIGB,3.12.2019,0.05375,3.12.2004,3.12.2004,3.6.2005,100,THB,2,ACT/365
TH062303M307,THAIGB,11.3.2012,0.045,11.3.2005,11.3.2005,11.9.2005,100,THB,2,ACT/365
TH062303N701,THAIGB,13.7.2013,0.0525,13.1.2006,13.1.2006,13.7.2006,100,THB,2,ACT/365
TH062303Q704,THAIGB,27.7.2016,0.054,27.1.2006,27.1.2006,27.7.2006,100,THB,2,ACT/365
TH0623031307,THAIGB,31.3.2021,0.0585,31.3.2006,31.3.2006,30.9.2006,100,THB,2,ACT/365
TH0623036702,THAIGB,7.7.2026,0.0615,7.7.2006,7.7.2006,7.1.2007,100,THB,2,ACT/365
TH0623A3O502,THAIGB,12.5.2014,0.0525,12.1.2007,12.1.2007,12.7.2007,100,THB,2,ACT/365
TH062303T104,THAIGB,12.1.2019,0.05625,12.1.2007,12.1.2007,12.7.2007,100,THB,2,ACT/365
TH062303R504,THAIGB,26.5.2017,0.05,26.1.2007,26.1.2007,26.7.2007,100,THB,2,ACT/365
TH0623034400,THAIGB,9.4.2024,0.045,9.4.2007,9.4.2007,9.10.2007,100,THB,2,ACT/365
TH062303N305,THAIGB,13.3.2013,0.0425,13.7.2007,13.7.2007,13.9.2007,100,THB,2,ACT/365
TH0623A3S305,THAIGB,13.3.2018,0.05125,23.11.2007,23.11.2007,13.3.2008,100,THB,2,ACT/365
TH0623038302,THAIGB,13.3.2028,0.0567,30.11.2007,30.11.2007,13.3.2008,100,THB,2,ACT/365
TH0623033303,THAIGB,13.3.2023,0.055,28.12.2007,28.12.2007,13.3.2008,100,THB,2,ACT/365
TH0623A3L607,THAIGB,17.6.2011,0.0175,6.3.2009,6.3.2009,17.6.2009,100,THB,2,ACT/365
TH062303M901,THAISB,2.9.2012,0.061,2.9.2002,2.9.2002,2.3.2003,100,THB,2,ACT/365
GB0004893086,UKT,7.6.1932,0.0425,25.5.2000,25.5.2000,7.12.2000,100,GBP,2,ACT/ACT
GB0030468747,UKT,7.3.2012,0.05,25.5.2001,25.5.2001,7.9.2001,100,GBP,2,ACT/ACT
GB0030880693,UKT,7.3.2025,0.05,27.9.2001,27.9.2001,7.3.2002,100,GBP,2,ACT/ACT
GB0031829509,UKT,7.9.2014,0.05,25.7.2002,25.7.2002,7.9.2002,100,GBP,2,ACT/ACT
GB0032452392,UKT,7.3.1936,0.0425,27.2.2003,27.2.2003,7.9.2003,100,GBP,2,ACT/ACT
GB0033280339,UKT,7.9.2015,0.0475,26.9.2003,26.9.2003,7.3.2004,100,GBP,2,ACT/ACT
GB00B00NY175,UKT,7.12.1938,0.0475,23.4.2004,23.4.2004,7.12.2004,100,GBP,2,ACT/ACT
GB00B0330274,UKT,7.6.2010,0.0475,19.11.2004,19.11.2004,7.6.2005,100,GBP,2,ACT/ACT
GB00B058DQ55,UKT,7.3.2020,0.0475,29.3.2005,29.3.2005,7.9.2005,100,GBP,2,ACT/ACT
GB00B06YGN05,UKT,7.12.1955,0.0425,27.5.2005,27.5.2005,7.12.2005,100,GBP,2,ACT/ACT
GB00B0LNX641,UKT,7.3.2011,0.0425,9.11.2005,9.11.2005,7.3.2006,100,GBP,2,ACT/ACT
GB00B0V3WX43,UKT,7.9.2016,0.04,2.3.2006,2.3.2006,7.9.2006,100,GBP,2,ACT/ACT
GB00B128DP45,UKT,7.12.1946,0.0425,12.5.2006,12.5.2006,7.12.2006,100,GBP,2,ACT/ACT
GB00B16NNR78,UKT,7.12.2027,0.0425,6.9.2006,6.9.2006,7.12.2006,100,GBP,2,ACT/ACT
GB00B1L6WG32,UKT,7.6.2012,0.0525,16.3.2007,16.3.2007,7.6.2007,100,GBP,2,ACT/ACT
GB00B1VWPC84,UKT,7.3.2018,0.05,25.5.2007,25.5.2007,7.9.2007,100,GBP,2,ACT/ACT
GB00B1VWPJ53,UKT,7.12.1942,0.045,6.6.2007,6.6.2007,7.12.2007,100,GBP,2,ACT/ACT
GB00B24FF097,UKT,7.12.1930,0.0475,3.10.2007,3.10.2007,7.12.2007,100,GBP,2,ACT/ACT
GB00B29WRG55,UKT,7.3.2013,0.045,5.3.2008,5.3.2008,7.9.2008,100,GBP,2,ACT/ACT
GB00B39R3707,UKT,7.12.1949,0.0425,3.9.2008,3.9.2008,7.12.2008,100,GBP,2,ACT/ACT
GB00B39R3F84,UKT,7.3.2019,0.045,26.9.2008,26.9.2008,7.3.2009,100,GBP,2,ACT/ACT
GB00B3F2K012,UKT,7.12.2011,0.0325,14.11.2008,14.11.2008,7.6.2009,100,GBP,2,ACT/ACT
GB00B3KJDQ49,UKT,7.3.2022,0.04,27.2.2009,27.2.2009,7.9.2009,100,GBP,2,ACT/ACT
GB00B3KJDS62,UKT,7.9.1939,0.0425,5.3.2009,5.3.2009,7.9.2009,100,GBP,2,ACT/ACT
GB00B3KJDW09,UKT,7.3.2014,0.0225,20.3.2009,20.3.2009,7.9.2009,100,GBP,2,ACT/ACT
GB0008931148,UKT,25.8.2017,0.0875,30.4.1992,30.4.1992,25.8.1992,100,GBP,2,ACT/ACT
GB0008921883,UKT,27.9.2013,0.08,1.4.1993,1.4.1993,27.9.1993,100,GBP,2,ACT/ACT
GB0008890161,UKT,25.11.2010,0.0625,27.1.1994,27.1.1994,25.5.1994,100,GBP,2,ACT/ACT
GB0008881541,UKT,7.12.2015,0.08,26.1.1995,26.1.1995,7.6.1995,100,GBP,2,ACT/ACT
GB0009997999,UKT,7.6.2021,0.08,29.2.1996,29.2.1996,7.6.1996,100,GBP,2,ACT/ACT
GB0002404191,UKT,7.12.2028,0.06,29.1.1998,29.1.1998,7.6.1998,100,GBP,2,ACT/ACT
GB0002215225,UKT,12.7.2011,0.09,12.7.1987,12.7.1987,12.1.1988,100,GBP,2,ACT/ACT
